,date,macro_0,macro_1,macro_2,macro_3,macro_4,macro_5,Rec,Neg_Rec,Recessions
0,1963-08-01,-0.031115638,0.22402234,-0.012212605,0.013887021,-0.13768451,-0.27298278,0,0,0
1,1963-09-01,-0.06721676,0.22138499,-0.29126406,0.015511086,-0.38505638,-0.0068984553,0,0,0
2,1963-10-01,0.12551165,0.09172427,-0.19659227,-0.0152962925,-0.31516317,-0.20591617,0,0,0
3,1963-11-01,0.14849895,0.18384202,-0.2157652,-0.18721163,-0.3255888,-0.13081974,0,0,0
4,1963-12-01,0.06392147,0.05933969,-0.07338292,-0.05572143,-0.59576946,-0.06769012,0,0,0
5,1964-01-01,0.049270038,0.096395284,-0.20338865,-0.13917759,-0.15225413,-0.17250805,0,0,0
6,1964-02-01,0.07132901,0.066661835,-0.088263005,-0.18383273,-0.102028556,-0.12642212,0,0,0
7,1964-03-01,0.07850417,0.057745587,-0.20625944,-0.12134309,-0.4951575,0.04136311,0,0,0
8,1964-04-01,0.15112177,0.04823318,0.017998874,-0.14224392,-0.4336613,-0.1902774,0,0,0
9,1964-05-01,0.014254297,0.07358243,-0.30455002,-0.10431783,-0.18411097,-0.42238304,0,0,0
10,1964-06-01,0.03696237,0.045311194,-0.12717642,-0.18732306,-0.26162282,-0.27166173,0,0,0
11,1964-07-01,-0.0695485,0.009658515,-0.065598816,-0.114513926,-0.2665263,-0.18976735,0,0,0
12,1964-08-01,-0.11252465,0.0037335858,-0.012811166,-0.101566486,0.017467242,-0.18590815,0,0,0
13,1964-09-01,-0.22164169,-0.09538396,0.12400031,-0.11402593,0.0061957343,-0.27590367,0,0,0
14,1964-10-01,-0.30371115,-0.00078440766,-0.12662238,-0.03325155,0.09541175,-0.41920173,0,0,0
15,1964-11-01,-0.36358997,0.23090824,-0.014426343,-0.24813285,-0.12985763,-0.0475698,0,0,0
16,1964-12-01,-0.5280886,0.1883574,-0.1666944,-0.10429881,-0.039462067,-0.23133834,0,0,0
17,1965-01-01,0.014207905,0.18290071,-0.025649639,-0.29864913,-0.2848368,-0.0967617,0,0,0
18,1965-02-01,0.41661292,0.10924116,-0.13609262,-0.24553683,-0.7435127,0.0479286,0,0,0
19,1965-03-01,0.23386869,0.17212948,-0.07933362,-0.06260031,-0.33069846,0.16987935,0,0,0
20,1965-04-01,0.15842207,0.06523696,0.051917322,-0.095106624,-0.3830669,-0.16362384,0,0,0
21,1965-05-01,0.09049197,0.093838885,0.20617437,-0.28984874,-0.5679069,0.049045004,0,0,0
22,1965-06-01,-0.069071926,0.08105581,0.32038796,-0.06614242,-0.13639882,0.019479485,0,0,0
23,1965-07-01,0.034128875,0.009167483,0.11110904,-0.030076815,-0.037347488,-0.113838,0,0,0
24,1965-08-01,0.219804,0.009632547,-0.15469219,0.01852798,0.23828064,-0.00084771623,0,0,0
25,1965-09-01,0.40001205,0.08610603,-0.13184187,0.042763207,0.19299532,0.085810155,0,0,0
26,1965-10-01,0.32752845,0.13837783,-0.095677175,0.009764444,0.07195812,0.05544991,0,0,0
27,1965-11-01,0.196773,0.10183023,0.01778617,-0.03069481,0.07336094,0.20150416,0,0,0
28,1965-12-01,0.066228114,0.115038924,-0.01128455,-0.07523677,0.04194518,0.31429505,0,0,0
29,1966-01-01,-0.11855315,-0.005415948,0.18622097,-0.057466775,-0.030582009,0.18106797,0,0,0
30,1966-02-01,-0.25651503,0.043597236,0.33533072,-0.086587004,0.015402938,0.28994462,0,0,0
31,1966-03-01,-0.286434,0.054492157,0.29793665,-0.025504649,0.18004663,0.41417202,0,0,0
32,1966-04-01,-0.20539506,0.09407769,0.36614084,-0.08264216,0.26350033,0.1302227,0,0,0
33,1966-05-01,-0.45467168,0.18487516,0.4907474,-0.08610116,0.36696827,0.14406641,0,0,0
34,1966-06-01,-0.3074606,0.092821166,0.5997895,-0.03246712,0.323955,-0.12173967,0,0,0
35,1966-07-01,-0.6074789,0.16752653,0.4961608,-0.039878022,0.24126156,0.12669034,0,0,0
36,1966-08-01,-0.14719313,0.17295118,0.59183574,-0.15905951,0.799041,-0.012989423,0,0,0
37,1966-09-01,-0.52323854,0.11391927,0.24521331,-0.01489793,0.290611,-0.44320646,0,0,0
38,1966-10-01,-0.45476717,0.07494365,0.27881756,-0.087670326,0.4349271,-0.05173696,0,0,0
39,1966-11-01,-0.2738341,0.11684022,0.5922667,-0.1762429,0.42202953,-0.10890843,0,0,0
40,1966-12-01,-0.22763874,0.062086258,0.34624258,-0.08423811,0.21756741,-0.3775009,0,0,0
41,1967-01-01,-0.27886236,0.28206542,-0.117388904,0.014553731,0.17357095,-0.016805442,0,0,0
42,1967-02-01,-0.05526254,0.38973314,-0.4381316,0.002396273,0.3870107,0.020541092,0,0,0
43,1967-03-01,0.0138742905,0.28058052,-0.15268049,0.02484835,0.0970917,0.019018978,0,0,0
44,1967-04-01,0.041720536,0.28316042,-0.25899825,0.120207444,0.33884895,-0.013277544,0,0,0
45,1967-05-01,0.07088201,0.38860217,-0.22793621,0.026181104,0.5733316,0.13810386,0,0,0
46,1967-06-01,-0.14256434,0.17970493,-0.34117255,-0.030540667,0.47910053,0.2535165,0,0,0
47,1967-07-01,-0.20265982,0.11327938,-0.5142778,-0.033054583,0.36215147,0.09506716,0,0,0
48,1967-08-01,-0.28000697,0.12936525,-0.31997782,-0.11978436,0.25328863,-0.012447929,0,0,0
49,1967-09-01,-0.25390247,-0.0024864525,-0.13568424,-0.11497432,0.03872649,-0.19545075,0,0,0
50,1967-10-01,-0.3166828,-0.015816096,-0.10530138,-0.19043446,0.30029464,0.028136535,0,0,0
51,1967-11-01,-0.30010542,-0.28045204,0.037065115,-0.10931685,-0.07401194,0.14167431,0,0,0
52,1967-12-01,-0.20521681,-0.04398812,-0.09573341,-0.33407807,0.12775536,0.21393783,0,0,0
53,1968-01-01,0.113726385,0.10726209,-0.0022602077,-0.3608267,-0.28562415,0.10166627,0,0,0
54,1968-02-01,0.40674514,0.11062782,0.037410416,-0.09468552,-0.34489682,0.17572102,0,0,0
55,1968-03-01,0.23056866,0.05314476,0.064464375,-0.0752586,-0.22934178,-0.08221463,0,0,0
56,1968-04-01,0.17394409,0.034177393,-0.21439973,-0.33891422,-0.17192602,0.02398677,0,0,0
57,1968-05-01,0.32314575,0.23507968,-0.11183064,-0.851958,-0.28601032,0.013231678,0,0,0
58,1968-06-01,0.4317627,0.12435007,-0.097765855,-0.23194781,-0.33174586,0.049464874,0,0,0
59,1968-07-01,0.053159658,0.084621415,-0.12951964,-0.090358965,-0.24821356,-0.036895778,0,0,0
60,1968-08-01,0.22288603,0.18124878,-0.06686406,-0.27911547,-0.51131517,-0.08566181,0,0,0
61,1968-09-01,0.27280235,0.2013177,-0.00458525,-0.3459836,-0.23174706,-0.07437921,0,0,0
62,1968-10-01,0.28353274,0.17371707,-0.16142446,-0.1145454,-0.2715558,-0.061436523,0,0,0
63,1968-11-01,0.44463673,0.011291313,-0.046509627,-0.14014372,-0.40776592,-0.0046887174,0,0,0
64,1968-12-01,0.41061363,0.023677344,-0.13226037,-0.060736414,-0.43882456,0.033057045,0,0,0
65,1969-01-01,0.6682127,0.051994655,-0.08470958,0.024450777,-0.1801041,0.29377624,0,0,0
66,1969-02-01,-0.0016761186,0.03436544,0.12608792,-0.3637973,-0.30823398,-0.050463054,0,0,0
67,1969-03-01,-0.13820153,-0.059472732,0.1499823,-0.058354333,-0.2470692,-0.45601374,0,0,0
68,1969-04-01,-0.058033396,0.08413866,0.36430252,-0.4296868,-0.13023685,-0.15448907,0,0,0
69,1969-05-01,-0.0595735,0.101277664,-0.049658995,-0.117938034,-0.14528288,-0.0023827157,0,0,0
70,1969-06-01,-0.15278,0.30076912,0.058118735,-0.31131762,-0.06370851,0.039958283,0,0,0
71,1969-07-01,-0.35976982,0.08831718,0.1283719,-0.025579536,0.00902564,-0.24730904,0,0,0
72,1969-08-01,-0.19652592,0.20219357,0.16277891,-0.10979631,0.025322005,0.042090274,0,0,0
73,1969-09-01,-0.13642022,0.17270471,0.31283548,-0.5490011,0.13337848,-0.05655527,0,0,0
74,1969-10-01,-0.23496054,0.04137375,0.23736732,-0.17615028,0.055754337,-0.14226854,1,-2,2
75,1969-11-01,-0.007125556,0.16383125,0.08009653,-0.31356037,-0.012886661,-0.09307734,1,-2,2
76,1969-12-01,-0.16850889,0.1307507,0.03824147,0.0040501966,-0.3122242,-0.35790065,1,-2,2
77,1970-01-01,-0.11715619,0.509405,-0.14094213,-0.04943113,-0.085463576,-0.095113285,1,-2,2
78,1970-02-01,-0.052013095,0.08675781,-0.40500963,0.045658246,-0.11732764,-0.23371224,1,-2,2
79,1970-03-01,-0.09067589,0.2688891,-0.60025495,0.28350577,-0.017668799,-0.12404483,1,-2,2
80,1970-04-01,0.14071114,0.59682953,-0.36447132,-0.18401341,-0.16807307,-0.058159437,1,-2,2
81,1970-05-01,-0.153983,0.3982344,-0.16742553,-0.07309122,-0.35499725,-0.22304258,1,-2,2
82,1970-06-01,-0.32349095,0.35429448,-0.277445,-0.16138156,-0.617384,0.23279613,1,-2,2
83,1970-07-01,-0.05823165,0.13480693,-0.32110897,-0.3100617,-0.17910528,0.13150547,1,-2,2
84,1970-08-01,0.100829445,0.06549904,-0.5937079,-0.54761016,-0.15993793,0.0012835851,1,-2,2
85,1970-09-01,0.13060841,0.045083232,-0.3604257,-0.35398763,-0.21037364,-0.045490924,0,0,0
86,1970-10-01,0.06359081,0.21891734,-0.46463692,-0.54069185,-0.3118491,0.042403165,0,0,0
87,1970-11-01,-0.16637303,-0.04503293,-0.21116596,-0.119660996,-0.25144264,-0.09958955,0,0,0
88,1970-12-01,-0.20228064,-0.069369175,-0.6125622,-0.3394187,-0.12208929,-0.02861517,0,0,0
89,1971-01-01,-0.026567483,-0.10814737,-0.5638601,-0.6576177,-0.0127928555,0.03231858,0,0,0
90,1971-02-01,0.3202067,-0.060053073,-0.0028001121,-0.48271242,-0.63329107,0.41490182,0,0,0
91,1971-03-01,0.3456122,-0.082203306,-0.06298939,-0.2993542,-0.5766853,0.44718564,0,0,0
92,1971-04-01,0.40842745,-0.16735213,-0.16727304,-0.31781918,-0.6746847,0.6135665,0,0,0
93,1971-05-01,0.2642809,-0.32951367,-0.3582389,-0.2310859,-0.26644465,0.30341402,0,0,0
94,1971-06-01,0.2067717,-0.35706413,-0.19679,-0.14692795,-0.43230012,0.39423102,0,0,0
95,1971-07-01,0.05537062,-0.69844,-0.1762415,-0.40960965,-0.44120902,0.28567114,0,0,0
96,1971-08-01,0.014552065,-0.63564944,-0.1866468,-0.30568087,-0.39940333,0.26418525,0,0,0
97,1971-09-01,0.1816673,-0.2553488,-0.11671793,-0.5188789,-0.17285605,0.205676,0,0,0
98,1971-10-01,0.37117106,-0.48041978,-0.08174462,-0.3100222,-0.46793255,0.45356736,0,0,0
99,1971-11-01,-0.116633125,-0.15617986,0.17291848,-0.29301694,-0.34323093,0.07288075,0,0,0
100,1971-12-01,-0.09155395,-0.23516081,-0.16482997,-0.34604123,-0.3448886,0.1347926,0,0,0
101,1972-01-01,-0.012053837,-0.4295061,-0.4814299,-0.6129126,-0.4095493,0.038580973,0,0,0
102,1972-02-01,0.055363942,-0.324862,-0.23022455,-0.44120693,-0.5107164,0.081465796,0,0,0
103,1972-03-01,0.09100386,-0.5235099,-0.26101464,-0.31413016,-0.63229656,0.18943383,0,0,0
104,1972-04-01,-0.041196883,-0.32915908,-0.087997094,-0.31750193,-0.22013304,0.09108412,0,0,0
105,1972-05-01,-0.18130185,-0.2704369,-0.13902749,-0.1696605,-0.18979609,0.02460752,0,0,0
106,1972-06-01,-0.25966883,-0.5986633,0.0952207,-0.41531986,-0.13697816,0.11508492,0,0,0
107,1972-07-01,-0.5577887,-0.34544754,0.13872105,-0.0946987,-0.1498648,0.31088346,0,0,0
108,1972-08-01,-0.41068038,-0.22275262,0.30885047,-0.17622983,0.016610572,0.13225248,0,0,0
109,1972-09-01,-0.3587915,-0.24658863,0.27234882,-0.30386776,-0.16941634,-0.06133209,0,0,0
110,1972-10-01,-0.53458273,-0.38140008,0.17253672,-0.19170779,-0.44991592,0.047352184,0,0,0
111,1972-11-01,-0.3408116,-0.20543244,0.15157093,-0.093738005,-0.43484846,-0.06497423,0,0,0
112,1972-12-01,0.05288444,-0.0021378372,0.085011065,-0.016151024,-0.36199573,-0.061047394,0,0,0
113,1973-01-01,0.14079289,0.2582417,-0.04953796,0.06865646,-0.50181186,0.02912077,0,0,0
114,1973-02-01,-0.15783836,0.096617594,-0.14369354,0.02514074,-0.56683415,0.107583076,0,0,0
115,1973-03-01,-0.27765292,-0.06199029,-0.025775705,0.06484862,-0.50547785,-0.15674286,0,0,0
116,1973-04-01,-0.262283,-0.04794651,0.18591167,0.12363713,-0.1908019,-0.100640714,0,0,0
117,1973-05-01,-0.3671433,0.048942756,0.024323938,0.11526366,-0.16964804,-0.18369874,0,0,0
118,1973-06-01,-0.3116387,-0.003610308,0.22432683,0.08287343,0.065290436,-0.26881766,0,0,0
119,1973-07-01,-0.19490235,0.017402904,0.35832956,-0.069406204,0.1922004,-0.24320629,0,0,0
120,1973-08-01,-0.223138,0.086923055,0.4489087,-0.07071224,0.49430025,-0.11379251,0,0,0
121,1973-09-01,-0.24098279,-0.0016308435,0.09083137,0.115731664,0.15647914,-0.26341885,1,-2,2
122,1973-10-01,-0.20016444,0.1332435,0.17433532,0.17139034,0.16494757,-0.1004444,1,-2,2
123,1973-11-01,-0.25679463,0.20840476,0.14754891,-0.09180344,0.102142796,-0.37822464,1,-2,2
124,1973-12-01,-0.40774047,-0.013137637,0.10651485,-0.01716564,-0.17919627,-0.514818,1,-2,2
125,1974-01-01,-0.4475986,0.02696898,-0.033965748,-0.10832765,-0.27331626,-0.07389934,1,-2,2
126,1974-02-01,-0.098087735,0.07056173,0.0358003,-0.26101053,0.105742626,-0.070618056,1,-2,2
127,1974-03-01,-0.30048525,0.10761318,0.030154279,-0.02667982,0.13983779,-0.19920665,1,-2,2
128,1974-04-01,-0.20817508,0.07083315,0.19986878,-0.018128378,0.2661306,-0.37519395,1,-2,2
129,1974-05-01,-0.23305531,0.0750927,0.24356878,-0.06958047,-0.0038165918,-0.44247034,1,-2,2
130,1974-06-01,-0.29465216,0.04823307,0.038065333,0.012767733,0.09792609,-0.45782077,1,-2,2
131,1974-07-01,-0.33958,0.06494652,0.01962537,-0.028200783,0.24727666,-0.27959523,1,-2,2
132,1974-08-01,-0.301031,0.010684791,0.2137209,-0.30066356,-0.23878,-0.5277951,1,-2,2
133,1974-09-01,-0.1981733,0.06333392,0.24707419,-0.16913545,-0.10539328,-0.4487263,1,-2,2
134,1974-10-01,-0.20706648,0.0024923894,-0.056175936,-0.08882058,-0.041306358,-0.5256805,1,-2,2
135,1974-11-01,-0.20877762,0.054325655,-0.06264969,-0.48246196,0.06435697,-0.10018128,1,-2,2
136,1974-12-01,-0.17535426,0.02396877,0.24475595,-0.21335223,0.017089035,-0.69928837,1,-2,2
137,1975-01-01,-0.312102,-0.053002357,-0.17591418,-0.29798123,-0.0026974755,-0.14368422,0,0,0
138,1975-02-01,-0.13494813,0.060784712,-0.7778454,-0.87204206,0.08433494,-0.0053778226,0,0,0
139,1975-03-01,-0.40700677,-0.13708861,-0.54717004,-0.049903344,0.1476984,-0.0018367663,0,0,0
140,1975-04-01,-0.14874387,-0.10745356,-0.015671674,-0.66672564,0.17884822,-0.021002106,0,0,0
141,1975-05-01,-0.34239012,-0.14272878,-0.5899151,-0.22147344,0.26900065,-0.41638067,0,0,0
142,1975-06-01,-0.41945451,-0.349958,-0.24981779,-0.53966224,0.06624466,0.038960688,0,0,0
143,1975-07-01,-0.68545663,-0.20714231,-0.7696239,-0.25941545,0.44523305,-0.057925783,0,0,0
144,1975-08-01,-0.653755,-0.20819227,0.04577819,-0.35487962,0.1668511,-0.021264384,0,0,0
145,1975-09-01,-0.6709978,-0.34146896,-0.146516,-0.13402161,-0.31489417,0.40241718,0,0,0
146,1975-10-01,-0.73854685,-0.08366609,-0.14377724,-0.20716223,-0.39716077,0.055116337,0,0,0
147,1975-11-01,-0.48051026,-0.23742928,-0.44830507,-0.4747736,-0.079809405,0.026345672,0,0,0
148,1975-12-01,-0.691484,-0.1907195,-0.44856703,-0.36503446,-0.29760322,0.09122568,0,0,0
149,1976-01-01,-0.30465764,-0.6175127,-0.21461229,-0.7008425,-0.063913666,0.032557424,0,0,0
150,1976-02-01,-0.13643701,-0.2698442,-0.56690836,-0.7566726,-0.5171801,0.036546577,0,0,0
151,1976-03-01,0.118794024,-0.4159668,-0.110158965,-0.27619606,-0.54415566,0.39242074,0,0,0
152,1976-04-01,0.38195917,-0.49263403,-0.11258038,-0.0008102947,-0.53180796,0.17915186,0,0,0
153,1976-05-01,0.5100977,-0.35300425,-0.06232489,0.25241327,-0.40946466,-0.26697502,0,0,0
154,1976-06-01,0.387269,-0.22661062,-0.017729023,0.4689209,-0.23461793,-0.33476838,0,0,0
155,1976-07-01,0.08806412,-0.8911244,-0.0006254393,0.36308193,-0.013002153,-0.49757293,0,0,0
156,1976-08-01,-0.08838324,-0.8953342,-0.005925135,0.13411248,-0.020276872,-0.80009055,0,0,0
157,1976-09-01,0.20616925,-0.56857145,-0.042172085,0.28604615,-0.2602997,-0.46934155,0,0,0
158,1976-10-01,0.17530556,-0.54612815,0.020945068,0.06411658,-0.3240853,-0.3679202,0,0,0
159,1976-11-01,0.6554214,-0.15232658,-0.070505135,0.18504608,-0.17398897,-0.42214423,0,0,0
160,1976-12-01,0.1443404,0.06508389,-0.16329992,0.57606906,-0.5817052,-0.04955546,0,0,0
161,1977-01-01,0.3516893,0.18226905,-0.05695594,-0.0040874584,-0.47879165,-0.12374805,0,0,0
162,1977-02-01,0.021594306,-0.107084885,0.04274552,-0.019285616,-0.6892429,-0.33404827,0,0,0
163,1977-03-01,-0.1300197,-0.13629308,0.11970507,0.34645253,-0.19619209,-0.27970353,0,0,0
164,1977-04-01,-0.18583359,-0.33747342,0.086504,-0.08932036,-0.17770316,-0.04763075,0,0,0
165,1977-05-01,-0.48031214,-0.2452742,0.11394066,-0.3150867,-0.376863,0.042909723,0,0,0
166,1977-06-01,-0.4289122,-0.15994866,0.38358966,-0.1821289,-0.23411587,-0.11618211,0,0,0
167,1977-07-01,-0.3496162,-0.13967693,0.49387348,-0.39373198,0.09982832,0.015134586,0,0,0
168,1977-08-01,-0.62646544,-0.14939399,0.3444059,-0.058427177,-0.044864535,0.29096818,0,0,0
169,1977-09-01,-0.49039602,-0.024384722,0.38969022,-0.2852136,-0.25074124,0.05595629,0,0,0
170,1977-10-01,-0.678087,-0.0720433,0.34645253,-0.05360585,0.092930645,0.30633405,0,0,0
171,1977-11-01,-0.668462,0.01145199,0.009258938,-0.016108386,-0.20198809,0.2825436,0,0,0
172,1977-12-01,-0.21259174,0.089099534,0.1289232,-0.1148664,-0.041086666,0.037603658,0,0,0
173,1978-01-01,-0.5167675,-0.050513696,0.064462036,-0.045377363,-0.29339054,0.02159774,0,0,0
174,1978-02-01,-0.49701422,-0.24186207,0.26659894,-0.039382253,-0.30800948,-0.20280488,0,0,0
175,1978-03-01,-0.35463062,-0.06587018,-0.52536035,0.20782942,-0.1885785,0.013143377,0,0,0
176,1978-04-01,-0.33105603,-0.060748816,-0.195498,-0.13795288,-0.2275708,0.021440791,0,0,0
177,1978-05-01,-0.50535446,-0.037052073,-0.26640823,-0.26451904,-0.41255194,0.061328527,0,0,0
178,1978-06-01,-0.526573,-0.041544996,-0.045080215,-0.23990878,-0.6458858,-0.009943083,0,0,0
179,1978-07-01,-0.31514412,-0.07459522,-0.13803665,-0.05469577,-0.152786,-0.14765039,0,0,0
180,1978-08-01,-0.18966925,-0.13353732,-0.14975937,-0.3361048,0.061121706,-0.046558775,0,0,0
181,1978-09-01,-0.3756698,-0.11144109,0.15483315,-0.25575146,0.13383698,-0.18654785,0,0,0
182,1978-10-01,-0.35360992,-0.32844326,0.2548981,-0.2494848,0.18617538,-0.23964436,0,0,0
183,1978-11-01,-0.5483409,-0.16060907,0.012051517,0.017151875,0.0151438955,-0.5662533,0,0,0
184,1978-12-01,-0.15745361,-0.24899554,0.18794228,0.010966471,0.13060501,-0.16908121,0,0,0
185,1979-01-01,-0.42677057,-0.023981992,-0.061839405,0.15377536,0.02183673,-0.28645742,0,0,0
186,1979-02-01,-0.16258596,0.076384634,-0.028020397,0.0462704,0.05899048,-0.09610832,0,0,0
187,1979-03-01,-0.2255758,0.007544412,0.044453334,-0.05482198,0.099320225,-0.32783255,0,0,0
188,1979-04-01,-0.26444474,0.04060458,-0.20129117,0.02026646,0.20294231,-0.12541023,0,0,0
189,1979-05-01,-0.42029092,0.075398035,-0.0076452782,0.17309655,-0.026960848,-0.13891928,0,0,0
190,1979-06-01,-0.2487704,0.044642057,-0.20660272,0.21742731,0.0492214,-0.28741786,0,0,0
191,1979-07-01,-0.20424856,0.23967119,-0.1239263,-0.058406603,0.050681338,-0.06208091,0,0,0
192,1979-08-01,-0.39190218,-0.024769751,-0.3522598,-0.095876515,-0.1582058,-0.37347946,0,0,0
193,1979-09-01,-0.51407945,-0.0018296918,-0.58366007,-0.058848616,0.38180727,-0.00820618,0,0,0
194,1979-10-01,-0.52138335,-0.11813,-0.28143707,-0.071406424,0.15266308,-0.15382,0,0,0
195,1979-11-01,-0.08991497,-0.10961724,-0.054949377,-0.279064,0.03536053,-0.44283783,1,-2,2
196,1979-12-01,-0.121134885,-0.02169623,-0.21890667,-0.1949823,0.019928006,-0.23233229,1,-2,2
197,1980-01-01,-0.124016985,-0.20139915,-0.13892636,-0.46568108,-0.043852188,-0.15752633,1,-2,2
198,1980-02-01,-0.13109554,0.06716995,-0.0977183,-0.5347871,-0.057160858,-0.021756202,1,-2,2
199,1980-03-01,-0.2602811,-0.009153175,0.0944167,-0.10886386,-0.18447714,-0.20643838,1,-2,2
200,1980-04-01,-0.32930458,-0.09340698,-0.027029667,-0.027375504,-0.12372279,-0.6541983,1,-2,2
201,1980-05-01,-0.20942336,0.016548652,-0.49437532,-0.21890698,-0.018710505,-0.21854244,0,0,0
202,1980-06-01,-0.42033228,0.113450766,-0.58064455,-0.13772301,-0.18689339,-0.031631023,0,0,0
203,1980-07-01,-0.13367309,-0.23644167,-0.78202873,-0.6653926,0.075125426,-0.18118429,0,0,0
204,1980-08-01,-0.11213629,-0.32621697,-0.5033607,-0.7019247,0.31310153,0.05292824,0,0,0
205,1980-09-01,-0.45659798,-0.038272038,-0.3090455,0.052102763,0.08860042,-0.17834157,0,0,0
206,1980-10-01,-0.3473075,-0.08963886,-0.11648253,0.15132159,-0.13534708,-0.34453237,0,0,0
207,1980-11-01,-0.27551252,-0.11327217,-0.28959182,-0.082665175,-0.17001279,-0.24326132,0,0,0
208,1980-12-01,-0.44875342,-0.11740006,0.056190085,-0.114156395,-0.41322502,-0.16899396,0,0,0
209,1981-01-01,-0.3204323,-0.22876075,0.08674999,-0.18046634,-0.1929568,-0.4969644,0,0,0
210,1981-02-01,-0.25664276,-0.19880112,-0.0954027,-0.085493475,-0.13604017,-0.264417,0,0,0
211,1981-03-01,-0.21857525,-0.22417685,0.2758502,-0.26693544,-0.08419972,-0.17275481,0,0,0
212,1981-04-01,0.04635667,-0.008678054,0.29830235,-0.5193952,-0.1450554,-0.10375051,0,0,0
213,1981-05-01,0.19682021,0.036021117,-0.031710044,0.12483824,-0.10035861,-0.5950033,1,-2,2
214,1981-06-01,0.1072136,0.069403954,-0.101483494,-0.031724047,-0.04429035,-0.4044424,1,-2,2
215,1981-07-01,0.15962367,0.07789069,-0.092884645,0.24283701,-0.037493505,-0.6516184,1,-2,2
216,1981-08-01,0.12852553,0.2796056,-0.060898867,0.32822308,-0.031022795,-0.4253365,1,-2,2
217,1981-09-01,0.15824364,0.21219023,-0.021691047,0.2186913,-0.099564426,-0.47770494,1,-2,2
218,1981-10-01,0.09540088,0.08384583,-0.06343431,0.4206715,-0.07694384,-0.6421262,1,-2,2
219,1981-11-01,0.10692863,0.12504598,-0.45857832,0.63351876,-0.012552674,-0.08073395,1,-2,2
220,1981-12-01,0.09902947,0.37077564,-0.28478628,0.09752034,-0.1151756,-0.2880884,1,-2,2
221,1982-01-01,-0.023347989,0.4487021,-0.27735862,-0.15044554,-0.09657736,-0.36874896,1,-2,2
222,1982-02-01,-0.22824223,0.28720242,-0.4285562,-0.20329,-0.04328267,-0.41541606,1,-2,2
223,1982-03-01,-0.24302179,0.1517902,-0.1328414,0.19800372,-0.06337999,-0.6070662,1,-2,2
224,1982-04-01,-0.02439348,-0.06262619,-0.108771004,0.3272574,-0.1246141,-0.49522898,1,-2,2
225,1982-05-01,-0.18422563,-0.12651399,-0.32303417,-0.17440051,-0.19136709,-0.44123274,1,-2,2
226,1982-06-01,-0.029454269,-0.2927053,-0.16155851,-0.12463426,-0.36885574,-0.56879646,1,-2,2
227,1982-07-01,-0.2995495,-0.3119813,-0.30610564,0.075736485,-0.43380618,-0.23508252,1,-2,2
228,1982-08-01,-0.090927735,-0.24512456,-0.5111666,-0.123778895,-0.17885333,-0.22894081,1,-2,2
229,1982-09-01,0.20114487,-0.33217216,-0.4006805,-0.16815557,-0.06039092,-0.043311164,0,0,0
230,1982-10-01,0.30601123,-0.12569638,-0.359034,-0.23546714,-0.14005409,-0.07016611,0,0,0
231,1982-11-01,0.37740824,-0.3893932,-0.4562119,-0.48893136,-0.25351864,0.15935354,0,0,0
232,1982-12-01,0.42202112,-0.13473593,-0.31942865,-0.0019885944,-0.6297385,0.44156897,0,0,0
233,1983-01-01,0.36416927,-0.18206552,-0.0056592375,0.27841622,-0.109816924,0.6600773,0,0,0
234,1983-02-01,0.33003595,-0.608128,-0.04715485,0.3568622,-0.55093265,0.832283,0,0,0
235,1983-03-01,0.6761727,-0.33803704,-0.048711687,0.23341282,-0.48891425,0.60649043,0,0,0
236,1983-04-01,0.61982715,-0.27597028,-0.105423555,0.30048138,-0.06092096,0.10380233,0,0,0
237,1983-05-01,0.56292415,-0.55488545,-0.23453172,-0.07558517,-0.4267221,0.2028715,0,0,0
238,1983-06-01,0.6086504,-0.3076402,-0.2987133,-0.0013291569,-0.35717437,0.0933614,0,0,0
239,1983-07-01,0.57121783,-0.5938744,-0.11666438,0.003103995,-0.5392971,-0.07179208,0,0,0
240,1983-08-01,0.56858605,-0.4995448,-0.06655295,0.21677752,-0.49721012,-0.042679373,0,0,0
241,1983-09-01,0.5789991,-0.34351227,-0.062086865,0.34570974,-0.16997737,-0.533021,0,0,0
242,1983-10-01,0.3794351,-0.24243833,-0.16424105,0.18687089,-0.17972907,-0.36559016,0,0,0
243,1983-11-01,0.4927343,-0.49044737,-0.0011139374,0.00037297775,-0.1526275,-0.3309111,0,0,0
244,1983-12-01,0.3465367,-0.10948482,0.08793198,0.07290521,-0.12870474,-0.10276201,0,0,0
245,1984-01-01,0.09044118,-0.10389227,0.006845471,0.19539191,-0.24810001,-0.42984045,0,0,0
246,1984-02-01,0.21892521,-0.14952277,0.025420114,0.27347624,-0.3102816,-0.3446495,0,0,0
247,1984-03-01,0.2604581,-0.10758652,0.05775763,0.27179483,-0.2802857,-0.43080035,0,0,0
248,1984-04-01,0.12811977,-0.36140653,0.19661021,0.24052414,-0.092217825,-0.3407879,0,0,0
249,1984-05-01,-0.034279868,-0.38169578,0.07510916,0.17391627,-0.10017928,-0.22054882,0,0,0
250,1984-06-01,-0.016728152,-0.04677306,0.1191844,0.19501537,-0.1548898,-0.2910316,0,0,0
251,1984-07-01,0.053404074,0.24785171,0.29851782,-0.03136058,-0.0447192,-0.011269137,0,0,0
252,1984-08-01,0.13561273,-0.087404855,0.080754146,0.065586455,-0.065038405,-0.08854647,0,0,0
253,1984-09-01,0.11457666,0.29529083,0.40848598,-0.30889362,0.009639398,-0.009044024,0,0,0
254,1984-10-01,0.044072095,0.008110468,0.18185957,-0.13810451,-0.19662935,-0.2163882,0,0,0
255,1984-11-01,0.09272901,-0.029232716,0.1867045,-0.23254651,-0.11355018,-0.15993467,0,0,0
256,1984-12-01,0.19296387,-0.14283232,0.0686411,-0.0016880713,0.040183622,-0.13682947,0,0,0
257,1985-01-01,0.37099665,-0.27699023,-0.06338048,-0.07489389,-0.13818648,0.09308099,0,0,0
258,1985-02-01,0.34282985,-0.046121642,-0.07916192,-0.080115035,0.110868,0.045150816,0,0,0
259,1985-03-01,0.468563,-0.22164078,-0.068178385,0.010116792,0.12971786,0.31777915,0,0,0
260,1985-04-01,0.36082706,-0.25395074,0.016696906,-0.060713444,-0.041679535,0.033293307,0,0,0
261,1985-05-01,0.10429982,-0.49286562,-0.2800471,-0.12681776,0.23027031,0.13876943,0,0,0
262,1985-06-01,0.048474215,-0.65281975,-0.1772073,-0.16643195,0.55637336,0.27680272,0,0,0
263,1985-07-01,0.06264749,-0.56567305,0.26350915,-0.24881019,0.53319556,0.06355129,0,0,0
264,1985-08-01,-0.14785764,-0.45801654,0.20824,-0.14965707,0.5714177,0.36365724,0,0,0
265,1985-09-01,-0.38361043,-0.5902635,0.30379242,-0.07639772,0.7361291,0.70110965,0,0,0
266,1985-10-01,-0.35052046,-0.5987273,-0.045116078,0.086152874,0.4550984,0.6326581,0,0,0
267,1985-11-01,-0.023533106,-0.09481995,-0.46460733,0.33777127,0.3085483,0.08658456,0,0,0
268,1985-12-01,-0.049053635,-0.34285843,-0.38778707,0.15270633,0.10673419,0.27126312,0,0,0
269,1986-01-01,0.16000609,-0.5776743,-0.112566106,-0.07391206,0.03920495,0.2813082,0,0,0
270,1986-02-01,0.23389812,-0.41746667,-0.31848168,0.0016466033,0.10876617,0.30461895,0,0,0
271,1986-03-01,0.37758267,-0.3201943,-0.13530636,0.17158018,0.012932121,0.12869683,0,0,0
272,1986-04-01,0.26836744,-0.4568865,-0.20279202,0.13929273,0.06555103,0.3049154,0,0,0
273,1986-05-01,0.3087335,-0.51897556,-0.33428046,0.078249454,0.15920193,0.28886557,0,0,0
274,1986-06-01,0.59764844,-0.4423995,-0.25180146,0.16046594,0.12512413,0.41021064,0,0,0
275,1986-07-01,0.3358572,-0.58778006,-0.19648372,0.23813212,-0.031156642,0.6936705,0,0,0
276,1986-08-01,0.42952973,-0.54082525,-0.06196858,0.20198734,-0.07866656,0.6917088,0,0,0
277,1986-09-01,0.4321349,-0.53822285,-0.43991688,0.40369183,-0.04674787,0.20584303,0,0,0
278,1986-10-01,0.37371093,-0.36360008,-0.06167241,0.20361531,-0.0810645,0.067016765,0,0,0
279,1986-11-01,0.3840015,-0.70275676,-0.19446906,0.36753947,-0.3221815,0.03305618,0,0,0
280,1986-12-01,0.5110904,-0.4829958,-0.09141919,0.16179371,-0.07356003,-0.14736888,0,0,0
281,1987-01-01,0.42654637,-0.53426284,-0.041135494,0.1701071,-0.09488063,-0.023937842,0,0,0
282,1987-02-01,0.436302,-0.4542702,-0.33960405,0.1947108,-0.1234372,0.027671989,0,0,0
283,1987-03-01,0.33553004,-0.3378833,-0.47754374,0.19222803,0.13974665,0.19543502,0,0,0
284,1987-04-01,0.39723378,-0.7533685,-0.05176698,-0.25237527,-0.018389987,0.21954252,0,0,0
285,1987-05-01,0.3234148,-0.77097476,0.122719094,-0.36100346,0.13276646,-0.024339097,0,0,0
286,1987-06-01,0.26654825,-0.526036,0.20132475,-0.2316281,0.14789535,-0.08398048,0,0,0
287,1987-07-01,0.34111395,-0.050708,-0.2578626,0.013971805,0.44537988,-0.008596318,0,0,0
288,1987-08-01,0.36975074,0.14536023,0.021105576,0.031708233,0.07207815,-0.008777427,0,0,0
289,1987-09-01,0.27526057,0.24145983,0.12507445,-0.00230015,0.07742082,-0.06364344,0,0,0
290,1987-10-01,-0.08627039,0.4768002,0.16571493,-0.1685789,0.47265157,-0.27376238,0,0,0
291,1987-11-01,-0.45852613,-0.005705649,0.057647053,0.0075185914,0.06786661,-0.42984074,0,0,0
292,1987-12-01,-0.30905044,0.1356931,0.28424266,0.007055545,-0.06576744,-0.12813115,0,0,0
293,1988-01-01,-0.25741807,0.08089912,0.5012089,-0.11663305,-0.005640168,-0.06500708,0,0,0
294,1988-02-01,-0.12976365,0.09895161,0.4011311,0.01874278,0.35245118,-0.05481381,0,0,0
295,1988-03-01,-0.12950528,0.14622958,0.19430858,0.26306635,0.53140527,0.121787794,0,0,0
296,1988-04-01,0.052686278,0.13175747,0.11145261,0.29688016,0.28962785,0.14171256,0,0,0
297,1988-05-01,-0.11701092,0.06014259,0.19394565,0.23903033,0.69051117,0.054652914,0,0,0
298,1988-06-01,-0.10773985,-0.12945463,0.08927703,0.1928992,0.43734026,0.3346751,0,0,0
299,1988-07-01,0.02259475,-0.0800781,0.004986366,0.3008204,0.06170594,0.005885,0,0,0
300,1988-08-01,0.23962794,0.16676955,0.11222565,0.08248217,0.2966919,0.053511526,0,0,0
301,1988-09-01,0.1893299,0.14989889,0.11015598,0.28821665,0.0408147,-0.05678828,0,0,0
302,1988-10-01,0.24023083,0.17315143,0.1443631,0.23436873,0.34633347,0.088424765,0,0,0
303,1988-11-01,0.2896325,0.28251964,0.20004192,0.046749204,0.32504994,0.09533178,0,0,0
304,1988-12-01,0.27638793,0.0354576,0.16368867,0.0060656215,0.18945198,0.34579295,0,0,0
305,1989-01-01,0.14988711,-0.023777738,-0.09717042,-0.0026723559,0.20700791,0.311082,0,0,0
306,1989-02-01,0.24976182,-0.12504609,-0.024059894,-0.11265634,0.3284781,0.39092353,0,0,0
307,1989-03-01,0.24370992,-0.047477584,0.057521388,-0.0144741135,-0.025469296,0.2984413,0,0,0
308,1989-04-01,0.09962787,0.08799892,-0.13012141,0.32245913,0.04154483,0.13927664,0,0,0
309,1989-05-01,0.20937006,0.17939585,-0.2530177,0.3241484,0.03303791,0.12489979,0,0,0
310,1989-06-01,0.2410652,-0.025095679,-0.07929251,0.1294504,0.31237525,0.009202209,0,0,0
311,1989-07-01,0.46799415,0.035462324,-0.2544295,0.06756322,0.16515954,-0.01605117,0,0,0
312,1989-08-01,0.14334953,0.26867825,-0.23601992,0.27666253,0.043157317,-0.019214615,0,0,0
313,1989-09-01,0.24457557,0.038340982,-0.24893866,0.33661413,0.22664668,-0.16577375,0,0,0
314,1989-10-01,0.3598311,-0.0019227358,-0.06489774,0.08637532,0.09454934,0.18618314,0,0,0
315,1989-11-01,0.000730591,-0.27876535,-0.08163204,0.011779054,0.030823544,-0.16628122,0,0,0
316,1989-12-01,-0.028239064,-0.27188417,0.03441884,-0.10546108,0.003873713,-0.3950712,0,0,0
317,1990-01-01,0.13281935,-0.065740526,-0.04292552,-0.17116052,-0.043682914,-0.00398839,0,0,0
318,1990-02-01,-0.07619649,-0.15428309,0.043980412,-0.029919384,-0.19652471,-0.41122067,0,0,0
319,1990-03-01,-0.12583995,-0.1401726,-0.034746762,0.11868712,0.010143977,-0.19830506,0,0,0
320,1990-04-01,-0.05587141,-0.13958924,0.1916511,-0.24828166,0.24818732,-0.15170231,0,0,0
321,1990-05-01,0.09066297,0.041389387,-0.010651572,-0.10501462,-0.00068651675,-0.084128894,1,-2,2
322,1990-06-01,-0.005620548,0.22593258,-0.38520887,-0.30986744,0.150068,-0.060219962,1,-2,2
323,1990-07-01,0.099480756,0.124158956,-0.57523537,-0.05116384,0.7274567,-0.0073101297,1,-2,2
324,1990-08-01,-0.09198916,-0.12775318,-0.06871066,-0.26630205,0.041353144,-0.2999021,1,-2,2
325,1990-09-01,-0.2490822,-0.34945345,0.05727506,0.027244171,0.1103609,-0.2710545,1,-2,2
326,1990-10-01,-0.17820711,-0.46855673,0.13582593,0.27192163,0.09793759,-0.21627851,1,-2,2
327,1990-11-01,-0.026442302,-0.10983242,-0.1926043,0.24846071,0.07026595,-0.24028982,1,-2,2
328,1990-12-01,-0.07462712,-0.020332275,-0.31233433,0.24083078,0.1774385,-0.09723284,1,-2,2
329,1991-01-01,-0.062528156,-0.029299473,-0.22091575,0.22849777,0.033031747,-0.18039641,0,0,0
330,1991-02-01,0.035586696,0.20854442,-0.50957566,0.34097978,0.15221445,-0.017355686,0,0,0
331,1991-03-01,0.026293073,0.031677853,-0.3120629,0.23126553,0.14941484,-0.25382972,0,0,0
332,1991-04-01,0.10781203,-0.25536442,-0.24909844,0.18834965,0.33698836,-0.116943955,0,0,0
333,1991-05-01,0.2816202,0.1482682,-0.14030266,0.26572227,0.05884118,-0.20986792,0,0,0
334,1991-06-01,0.24406241,0.103190094,-0.16781999,-0.042992335,0.024030583,-0.011953586,0,0,0
335,1991-07-01,0.5058956,-0.2609595,-0.078864165,-0.025844634,-0.11828069,-0.2946956,0,0,0
336,1991-08-01,0.41356814,0.028945938,-0.10153513,-0.2561117,-0.21807452,-0.08145356,0,0,0
337,1991-09-01,0.52369297,-0.10868754,-0.20720847,-0.14236963,-0.49653223,0.09522512,0,0,0
338,1991-10-01,0.51532966,-0.060310625,-0.027822668,-0.06624678,-0.0793956,-0.18395354,0,0,0
339,1991-11-01,0.22612832,-0.49886394,0.06354871,-0.26492003,-0.17420356,-0.01503767,0,0,0
340,1991-12-01,0.3093771,-0.44830784,-0.0831454,0.08708342,-0.19496821,0.1528066,0,0,0
341,1992-01-01,0.53235817,-0.45155862,-0.33175784,-0.074551694,-0.37280092,0.25926882,0,0,0
342,1992-02-01,0.39422345,-0.278185,-0.26282248,0.002069299,-0.045357227,0.33042645,0,0,0
343,1992-03-01,0.4910714,-0.35550153,-0.2175913,0.08113502,-0.03370368,0.10837047,0,0,0
344,1992-04-01,0.43443567,-0.26513582,-0.14528447,0.13382642,-0.1609306,0.3478007,0,0,0
345,1992-05-01,0.5516831,-0.28046462,-0.2422211,-0.005737965,-0.18107976,0.24240363,0,0,0
346,1992-06-01,0.47027695,-0.09334935,-0.17660141,-0.11650616,-0.004316288,0.13375936,0,0,0
347,1992-07-01,0.33031237,-0.4355929,0.023073211,-0.08312363,-0.07273744,0.04552947,0,0,0
348,1992-08-01,0.25073123,-0.49993536,0.044420872,0.11368017,0.012920903,0.06765682,0,0,0
349,1992-09-01,0.4649354,-0.44216046,0.103452414,0.0066090603,-0.1499742,0.37628567,0,0,0
350,1992-10-01,0.33557558,-0.31985447,0.040160414,-0.07165736,0.06360662,0.2792544,0,0,0
351,1992-11-01,0.43245193,-0.46079275,0.0007566278,0.19383317,0.03882494,0.14578058,0,0,0
352,1992-12-01,0.5660612,0.20179036,-0.0329957,0.3115424,-0.009537979,0.084880084,0,0,0
353,1993-01-01,0.44846618,0.124631494,-0.017911,0.28537503,-0.07827868,-0.014429011,0,0,0
354,1993-02-01,0.42005533,0.16594414,0.037260205,0.31044698,-0.08433483,0.08811689,0,0,0
355,1993-03-01,0.47113287,-0.14520828,0.103544354,0.11923104,0.05674057,0.025021626,0,0,0
356,1993-04-01,0.37464538,-0.44447187,0.06907613,-0.1628961,-0.01218657,-0.044919003,0,0,0
357,1993-05-01,0.5508175,-0.12746468,0.08023978,0.10162436,0.22188447,-0.00015513311,0,0,0
358,1993-06-01,0.27043414,-0.22280106,0.14244992,0.02096389,0.6572998,0.18609884,0,0,0
359,1993-07-01,0.2926478,-0.42863613,0.11548201,-0.13010532,0.55548173,0.09744344,0,0,0
360,1993-08-01,0.4281834,0.014432443,0.04622965,0.13416253,0.3677531,0.11853942,0,0,0
361,1993-09-01,0.5196938,0.11565925,0.028606998,0.07984131,0.43893152,0.22389142,0,0,0
362,1993-10-01,0.40744007,-0.24215153,0.13933656,-0.005939242,0.38388994,0.26203245,0,0,0
363,1993-11-01,0.4247284,-0.24061893,0.12567037,0.064249024,0.51907784,0.48179802,0,0,0
364,1993-12-01,0.33569333,-0.19158636,0.11441464,0.014109799,0.5164829,0.4103526,0,0,0
365,1994-01-01,0.396978,-0.003910586,0.08197264,0.23259704,0.40659407,0.18075302,0,0,0
366,1994-02-01,0.37156126,-0.03417544,0.070879005,0.044348724,0.54316556,0.2704532,0,0,0
367,1994-03-01,0.12140322,0.2099349,0.22289017,-0.12896672,0.5877941,0.19802104,0,0,0
368,1994-04-01,0.11036863,0.19876207,0.08791168,0.035324477,0.30553436,0.39825207,0,0,0
369,1994-05-01,0.18489365,-0.010207068,0.0486968,0.0240933,0.5553492,0.12849526,0,0,0
370,1994-06-01,0.14859866,0.1519938,-0.007357455,0.0032357231,0.41617346,0.25349393,0,0,0
371,1994-07-01,0.17184156,-0.09523144,0.013284698,0.060016483,0.05430706,0.2712282,0,0,0
372,1994-08-01,0.29659164,-0.04668086,0.3094292,0.13020678,0.3386697,0.11644897,0,0,0
373,1994-09-01,0.2693211,0.19152087,0.3420078,0.062306218,0.35215467,0.14001568,0,0,0
374,1994-10-01,0.32655606,0.20518798,0.2134977,0.23695534,0.6454833,0.12716903,0,0,0
375,1994-11-01,0.23820122,0.27013943,0.4213459,0.209388,0.6254879,0.17971073,0,0,0
376,1994-12-01,0.0898752,-0.08187524,0.30681503,0.08760279,0.5804521,0.31808767,0,0,0
377,1995-01-01,0.30401424,0.11694109,0.04404012,0.1274161,0.26327568,0.15529107,0,0,0
378,1995-02-01,0.29544795,0.2791978,0.12767224,0.19976382,0.32039824,0.07737803,0,0,0
379,1995-03-01,0.2921066,0.18932375,0.23336199,0.22842357,0.36509603,0.08857684,0,0,0
380,1995-04-01,0.17261037,0.40962425,0.17303538,0.28089893,0.41578245,0.16438776,0,0,0
381,1995-05-01,0.27917725,0.28848964,0.051613107,0.3109862,0.33204293,0.18201794,0,0,0
382,1995-06-01,0.18350244,0.14756733,0.05209671,0.4376413,0.43413556,0.18574008,0,0,0
383,1995-07-01,0.21057914,-0.16320503,0.036839433,0.5026147,0.22777458,0.10514311,0,0,0
384,1995-08-01,0.26433605,-0.30894563,0.0028326705,0.28897372,0.22270459,0.28077167,0,0,0
385,1995-09-01,0.22969595,-0.3405968,0.012836838,0.32915354,0.3383798,0.13319635,0,0,0
386,1995-10-01,0.37259346,-0.24900915,-0.05599433,0.23160273,0.46137092,0.28993845,0,0,0
387,1995-11-01,0.41281915,-0.27226046,0.015509086,0.20216285,0.07836362,0.07715527,0,0,0
388,1995-12-01,0.3752836,-0.03154599,-0.006718219,0.3231744,0.15996572,0.010381289,0,0,0
389,1996-01-01,0.3510432,-0.29924235,-0.0032707315,0.083461195,0.12335828,0.072911516,0,0,0
390,1996-02-01,0.4155657,-0.0719287,-0.11303874,0.2877507,0.18327256,0.18031888,0,0,0
391,1996-03-01,0.37302372,-0.081623755,-0.052743074,0.34109852,0.13979262,-0.14907879,0,0,0
392,1996-04-01,0.16309327,-0.11867746,-0.026820337,0.17102833,0.13682517,0.09081671,0,0,0
393,1996-05-01,0.17870791,-0.22588013,-0.17711204,-0.014481259,-0.021793738,-0.043110278,0,0,0
394,1996-06-01,0.30992028,-0.06674769,-0.03031715,0.14690636,0.024587583,-0.18447375,0,0,0
395,1996-07-01,0.06464197,0.0058786697,0.20847298,-0.1329113,0.05569133,-0.17734592,0,0,0
396,1996-08-01,0.02167573,-0.16837886,0.124873616,-0.20329686,-0.049713805,-0.4637007,0,0,0
397,1996-09-01,0.092947334,-0.027810525,0.21979183,-0.08209251,0.080652535,-0.05391616,0,0,0
398,1996-10-01,0.14292423,-0.06414146,0.16015847,-0.030092768,0.033784915,-0.07756365,0,0,0
399,1996-11-01,0.30800602,-0.019006139,-0.08595143,0.12370443,0.19269665,0.10237438,0,0,0
400,1996-12-01,0.3360289,-0.11346662,-0.016136914,0.14899208,0.13259128,-0.021388683,0,0,0
401,1997-01-01,0.14846691,-0.3522944,0.11096297,0.21954775,0.11995459,0.045293372,0,0,0
402,1997-02-01,0.18979268,-0.0716263,0.0832129,0.13337417,0.032414686,0.01957568,0,0,0
403,1997-03-01,0.28593627,-0.12995343,0.08468612,0.074938044,0.3680308,0.18043426,0,0,0
404,1997-04-01,0.18993469,0.024306433,0.07526479,0.26011842,0.20319863,0.0315791,0,0,0
405,1997-05-01,0.36547226,-0.008130039,0.0007156251,0.25357607,0.03425288,-0.08492297,0,0,0
406,1997-06-01,0.28093633,0.08185012,0.06025618,0.47655475,0.2189934,-0.0034105587,0,0,0
407,1997-07-01,0.26194212,-0.2946978,0.005207962,0.2165621,0.021091284,0.6665661,0,0,0
408,1997-08-01,0.22109142,-0.13702448,0.19388252,-0.16342734,0.33869255,0.10282028,0,0,0
409,1997-09-01,0.3088176,-0.08398627,0.1532854,0.1039018,0.2962999,0.2967272,0,0,0
410,1997-10-01,0.25408742,0.10346474,0.17150295,0.27369407,0.17904565,0.014409472,0,0,0
411,1997-11-01,0.3243328,0.12129416,0.071611345,0.16745356,0.21957944,0.1563845,0,0,0
412,1997-12-01,0.118868575,0.0034760677,0.19223984,0.26755354,0.04332224,-0.078789756,0,0,0
413,1998-01-01,0.2571319,0.016499925,0.11809393,0.3212981,0.13361228,0.11942824,0,0,0
414,1998-02-01,0.2861104,0.058364373,0.06153517,0.26285803,0.08344635,-0.07341015,0,0,0
415,1998-03-01,0.07306219,0.28978357,-0.017597169,0.20480709,0.18245785,-0.00018491416,0,0,0
416,1998-04-01,0.18706521,0.32737005,0.033991873,0.20690583,0.29501167,-0.010810846,0,0,0
417,1998-05-01,0.35053572,0.2057723,0.039620645,0.32306623,0.68496925,0.19597377,0,0,0
418,1998-06-01,0.19186553,0.19136113,0.037435774,0.33864114,0.2691137,0.12276627,0,0,0
419,1998-07-01,0.1624598,0.24826096,-0.0947753,0.08183512,0.3412607,0.0054050456,0,0,0
420,1998-08-01,-0.16462052,0.3590903,-0.1717268,0.11456331,0.40547937,-0.038437847,0,0,0
421,1998-09-01,-0.34060127,0.20727652,-0.13910405,0.051341332,0.34525698,-0.078558914,0,0,0
422,1998-10-01,0.044072337,0.12004535,-0.07565514,0.12713821,0.43040872,0.14344043,0,0,0
423,1998-11-01,0.20737612,-0.07342408,-0.043898113,0.076552026,0.19223699,0.07830765,0,0,0
424,1998-12-01,0.17833152,-0.0015940433,-0.19638522,0.09682672,0.30756426,0.031795137,0,0,0
425,1999-01-01,0.39464602,0.14581756,-0.07447704,0.21384619,0.30035982,0.14884399,0,0,0
426,1999-02-01,0.41297776,0.06958777,-0.21815927,0.21551022,0.6715609,0.27855676,0,0,0
427,1999-03-01,0.39465743,-0.24836679,-0.056242,0.093129426,0.19043863,0.117429554,0,0,0
428,1999-04-01,0.5492674,-0.062579535,-0.07902383,0.16528301,0.18052523,0.17807536,0,0,0
429,1999-05-01,0.3778852,0.08682972,-0.16298208,0.06961297,0.1881121,0.08184285,0,0,0
430,1999-06-01,0.33594984,0.12528664,-0.0661799,0.11390847,0.2758711,0.23036781,0,0,0
431,1999-07-01,0.39136988,0.27320954,0.04020053,-0.13657558,0.109340906,0.11870412,0,0,0
432,1999-08-01,0.4192727,0.21000668,0.02582474,0.09157407,0.38888344,0.19971626,0,0,0
433,1999-09-01,0.33010313,0.3550789,0.058805816,0.0031361002,0.07217798,0.19840136,0,0,0
434,1999-10-01,0.18664683,0.2544033,0.03194729,0.15416591,0.105279736,0.10842385,0,0,0
435,1999-11-01,0.21209574,0.03638759,0.021703912,0.07003558,0.012501778,0.09137133,0,0,0
436,1999-12-01,0.21509854,0.0891374,0.060794424,0.0023609924,0.0909488,0.11945832,0,0,0
437,2000-01-01,0.34685022,0.13859336,0.14537649,0.05365381,0.23335044,-0.010743335,0,0,0
438,2000-02-01,0.18009657,0.25822642,0.05650046,0.1468228,0.3008674,0.055451103,0,0,0
439,2000-03-01,0.17711017,0.09872048,0.0813317,0.4667766,0.2776282,-0.008630182,0,0,0
440,2000-04-01,0.31662503,0.24021876,-0.040862676,0.28374866,0.037109196,-0.22330162,0,0,0
441,2000-05-01,0.13099287,0.3811379,0.037677675,0.012640173,0.06623128,-0.09313247,0,0,0
442,2000-06-01,0.27503863,0.18545577,0.0447658,0.08927195,-0.078085765,0.029838823,0,0,0
443,2000-07-01,0.26488045,0.22183919,-0.01688771,0.046742454,-0.44419318,0.04493664,0,0,0
444,2000-08-01,0.13378797,-0.20018062,0.05481866,0.53023267,-0.033933263,0.3205985,0,0,0
445,2000-09-01,0.23260963,0.062095255,0.1298256,0.6207635,0.018654618,-0.09435433,0,0,0
446,2000-10-01,0.06925381,-0.12241894,0.10526965,-0.0050604045,0.11038981,0.106043585,0,0,0
447,2000-11-01,0.20748813,0.092557214,0.07892747,0.18336105,0.036787402,-0.047041945,0,0,0
448,2000-12-01,0.041019704,-0.032998648,0.060810782,0.2695911,0.04712917,-0.32036495,0,0,0
449,2001-01-01,0.042062026,0.28165114,-0.27005404,0.091724664,0.056727353,-0.0245,1,-2,2
450,2001-02-01,-0.046329495,0.35431752,-0.157265,0.005242481,0.5819899,0.034029048,1,-2,2
451,2001-03-01,-0.24194428,0.23700625,0.011035077,0.026969511,0.49787015,0.05628862,1,-2,2
452,2001-04-01,-0.008272557,0.1380419,-0.16552284,-0.12211257,0.18250975,0.018453348,1,-2,2
453,2001-05-01,0.08658754,0.1217254,-0.1940313,-0.46112433,0.11137006,0.018213343,1,-2,2
454,2001-06-01,0.05248157,0.16774887,-0.30986065,-0.2824986,0.34761292,0.057022847,1,-2,2
455,2001-07-01,0.05655459,0.17400683,-0.024651641,-0.2634082,0.13480973,0.3385274,1,-2,2
456,2001-08-01,-0.12039244,0.14390233,0.003754173,-0.09387263,-0.11353096,0.022392217,1,-2,2
457,2001-09-01,-0.17474405,0.20248824,0.1542082,-0.40678087,-0.23932649,0.346701,0,0,0
458,2001-10-01,-0.41124052,-0.124972016,-0.22725472,-0.0025200692,-0.2243149,0.5287296,0,0,0
459,2001-11-01,-0.16125384,-0.12942286,-0.22382556,-0.32414544,-0.018178381,0.10109712,0,0,0
460,2001-12-01,-0.1746167,-0.073549144,-0.40623528,0.1293218,0.15615392,0.07459163,0,0,0
461,2002-01-01,0.049289837,0.07986201,-0.17944847,-0.26280585,-0.31220135,0.01717562,0,0,0
462,2002-02-01,-0.029598145,-0.37633395,-0.104452066,-0.19014966,-0.31803486,0.23073891,0,0,0
463,2002-03-01,0.36376348,-0.43973577,-0.18066083,-0.18506531,-0.44480243,0.13152575,0,0,0
464,2002-04-01,0.18571985,-0.04797908,0.17025717,-0.5827509,-0.25663617,0.08894562,0,0,0
465,2002-05-01,-0.087313905,-0.04146999,0.0117398435,-0.15136272,-0.2818174,0.21524835,0,0,0
466,2002-06-01,0.015911298,-0.4010475,0.111189775,-0.354713,-0.52557635,0.46340305,0,0,0
467,2002-07-01,-0.05552806,0.1859423,0.14342341,-0.16254942,-0.5800983,0.628549,0,0,0
468,2002-08-01,-0.18950762,-0.12468998,0.095795736,0.07318755,-0.433627,0.90240544,0,0,0
469,2002-09-01,-0.22513439,-0.18905942,0.35711506,-0.2313422,-0.03770881,0.8243385,0,0,0
470,2002-10-01,-0.26850975,-0.48918748,0.05108936,0.058888096,-0.12373841,0.4910409,0,0,0
471,2002-11-01,-0.030451199,-0.23802519,-0.20844445,0.39570254,-0.016214848,0.4143823,0,0,0
472,2002-12-01,-0.07346439,-0.5627117,-0.274242,-0.17401604,0.3357215,0.18592237,0,0,0
473,2003-01-01,-0.36262897,-0.46400785,-0.039418302,0.041056894,0.2393134,0.5841106,0,0,0
474,2003-02-01,-0.11360834,-0.06261654,-0.2431004,0.3843049,0.2156535,0.18711852,0,0,0
475,2003-03-01,-0.38743654,-0.23188259,-0.123145744,-0.09751325,0.19873117,0.53180766,0,0,0
476,2003-04-01,-0.07911298,-0.29576358,-0.27873918,0.016276546,0.027104484,0.14729553,0,0,0
477,2003-05-01,0.0766562,-0.5409032,-0.040156916,-0.057076763,-0.050418127,0.07319095,0,0,0
478,2003-06-01,0.10585777,-0.027727425,-0.39476934,0.39241502,0.20001295,0.07937856,0,0,0
479,2003-07-01,0.01752473,-0.39031562,-0.07178349,0.17815642,-0.036018834,0.41064847,0,0,0
480,2003-08-01,0.07413629,-0.61935633,0.050454203,-0.2235365,-0.29037026,0.2982286,0,0,0
481,2003-09-01,0.27328673,-0.30961257,-0.06714027,0.26492566,-0.42594036,0.55800563,0,0,0
482,2003-10-01,0.20328268,-0.2561369,-0.08141123,0.14413776,-0.06450537,0.59698856,0,0,0
483,2003-11-01,0.18671788,-0.53773814,0.206821,-0.18351983,-0.07570045,0.09448994,0,0,0
484,2003-12-01,0.19888994,-0.468662,0.5087927,-0.068539225,-0.105881706,-0.09205112,0,0,0
485,2004-01-01,0.15184127,-0.5381387,0.21975741,-0.088608325,-0.09457436,-0.2404556,0,0,0
486,2004-02-01,-0.038075436,-0.4487495,0.18504013,0.057363234,0.13910043,0.006390926,0,0,0
487,2004-03-01,-0.21786478,-0.42579955,0.10058235,0.04836485,0.42560276,0.12395545,0,0,0
488,2004-04-01,-0.2623178,-0.12076387,0.2155754,0.298281,0.5019006,0.1207168,0,0,0
489,2004-05-01,-0.5406945,-0.12781316,-0.056077097,0.112897195,0.26439163,0.07503885,0,0,0
490,2004-06-01,-0.24051933,0.052270412,0.032749172,0.38013166,0.09072365,-0.20211601,0,0,0
491,2004-07-01,-0.2743417,0.3145617,0.012063406,0.25394806,0.30878323,0.021662658,0,0,0
492,2004-08-01,-0.4533956,-0.05227387,0.23507562,0.08634076,0.10757107,-0.089042135,0,0,0
493,2004-09-01,-0.47560424,0.083695464,0.31978244,0.19476685,0.19994754,0.053671375,0,0,0
494,2004-10-01,-0.3245695,0.27566028,0.12423006,0.38382095,0.20673193,0.033869006,0,0,0
495,2004-11-01,-0.22782141,0.058253873,-0.024303734,0.32609418,0.34842882,0.07529355,0,0,0
496,2004-12-01,-0.1605043,0.1652072,-0.20822248,0.26086584,0.44995594,0.019923339,0,0,0
497,2005-01-01,-0.39700663,-0.112486385,-0.105778836,0.0006876304,0.6411247,0.18947423,0,0,0
498,2005-02-01,-0.4976046,-0.20930654,0.10176793,0.05214784,0.34885445,0.24630691,0,0,0
499,2005-03-01,-0.43880948,-0.011340549,0.10795077,-0.1475192,0.13036802,-0.013791356,0,0,0
500,2005-04-01,-0.4239822,0.10386432,0.2485017,0.13634622,0.33776465,0.14647175,0,0,0
501,2005-05-01,-0.37288314,0.09591626,0.07936152,0.18100348,0.2192163,-0.0767041,0,0,0
502,2005-06-01,-0.4849337,0.05229596,-0.29230312,0.122491196,0.42601886,0.018824656,0,0,0
503,2005-07-01,-0.30324525,-0.45427203,0.008477089,0.017783668,-0.0058111157,-0.3154131,0,0,0
504,2005-08-01,-0.2392798,-0.12980394,0.083548106,0.101891704,-0.048938807,-0.22093235,0,0,0
505,2005-09-01,-0.3789619,-0.0532877,0.031298537,0.09444333,-0.17223714,-0.43223625,0,0,0
506,2005-10-01,-0.28799686,-0.15471703,-0.2585599,-0.05407862,0.19149871,-0.3390884,0,0,0
507,2005-11-01,-0.37177965,-0.17048219,0.028437002,-0.13177617,0.023463037,-0.38162407,0,0,0
508,2005-12-01,-0.17197682,0.08638914,0.061391816,-0.39794838,-0.023181973,-0.15635961,0,0,0
509,2006-01-01,-0.41390836,0.021568835,0.07262996,-0.018940995,-0.07096951,-0.31367034,0,0,0
510,2006-02-01,-0.32671797,0.12915486,0.24955794,0.0017010238,0.018613985,-0.09449865,0,0,0
511,2006-03-01,-0.30397347,0.06316727,0.12840158,0.042343613,0.23599517,-0.24052502,0,0,0
512,2006-04-01,-0.2414101,0.21849485,0.03498483,-0.05414466,0.39304748,-0.063836336,0,0,0
513,2006-05-01,-0.40663353,0.1756301,0.111293375,-0.017315118,0.45617533,-0.069859706,0,0,0
514,2006-06-01,-0.37670124,0.1790449,0.122006185,0.06604749,0.061164968,-0.38778967,0,0,0
515,2006-07-01,-0.27721283,0.36410445,0.09321772,-0.08889854,0.24889761,-0.12647502,0,0,0
516,2006-08-01,-0.23318832,0.19498523,-0.16149338,0.095986456,0.22494102,-0.13702254,0,0,0
517,2006-09-01,-0.25563818,0.3101801,0.021763947,0.28199226,0.1685022,-0.10459903,0,0,0
518,2006-10-01,-0.10246893,0.31209305,0.022120323,-0.016609551,0.43614867,-0.03425019,0,0,0
519,2006-11-01,-0.2812685,0.2809085,-0.15789431,0.058794077,0.34256408,0.039801415,0,0,0
520,2006-12-01,-0.029259495,0.08729651,0.017226974,0.25018665,0.07357514,-0.22401352,0,0,0
521,2007-01-01,-0.060738314,0.19149432,-0.12502219,0.029660197,0.21483254,-0.15946239,0,0,0
522,2007-02-01,-0.04315443,0.12050973,-0.011268456,0.11217459,0.3472315,-0.020198904,0,0,0
523,2007-03-01,-0.20901667,0.25769368,-0.062836595,0.2877764,0.1721029,-0.031190835,0,0,0
524,2007-04-01,-0.030471774,0.31997347,-0.31301725,0.0893964,0.20941304,0.026064593,0,0,0
525,2007-05-01,0.006342051,0.14720611,-0.21521428,0.14747453,0.18460728,0.10872077,0,0,0
526,2007-06-01,-0.11295587,0.05298991,-0.2750555,0.051276058,0.36174497,0.24604005,0,0,0
527,2007-07-01,-0.0883604,0.056414075,-0.54177153,0.060079254,0.7534717,0.010397733,0,0,0
528,2007-08-01,-0.17043614,0.35135594,-0.31419227,0.12892787,0.18053636,-0.02639457,0,0,0
529,2007-09-01,-0.13110635,0.119485416,-0.29935738,0.20006055,0.20607029,-0.12124874,0,0,0
530,2007-10-01,-0.26096365,0.076500095,0.007919209,0.10761969,0.24019247,-0.10607417,1,-2,2
531,2007-11-01,-0.301677,0.34752715,0.049380597,0.11713555,0.12875448,-0.08307309,1,-2,2
532,2007-12-01,-0.3834825,0.3291669,-0.092774466,0.1406818,0.18107566,0.15494262,1,-2,2
533,2008-01-01,-0.2491788,0.34522337,-0.085718155,0.052379563,0.23388357,-0.0987582,1,-2,2
534,2008-02-01,-0.3000735,0.25098974,0.013714456,0.15188633,0.14984103,-0.15391341,1,-2,2
535,2008-03-01,-0.263859,0.1800598,0.025619933,0.318518,0.064339854,-0.28587893,1,-2,2
536,2008-04-01,-0.15094207,0.29210868,-0.1810457,0.2615818,0.08456047,-0.26873806,1,-2,2
537,2008-05-01,-0.13060778,0.39986736,-0.21587561,0.21346556,0.4014451,-0.18434286,1,-2,2
538,2008-06-01,-0.38786316,0.35851875,-0.00085242564,0.23200046,0.47467387,-0.09280672,1,-2,2
539,2008-07-01,-0.8479783,0.19721302,-0.009067816,0.04581371,0.7510918,0.14087462,1,-2,2
540,2008-08-01,-0.10132444,0.6251749,0.06108213,-0.031920053,0.091765195,-0.0064151105,1,-2,2
541,2008-09-01,-0.249485,0.303131,0.13099378,0.01051009,0.48718473,-0.1485716,1,-2,2
542,2008-10-01,-0.6732374,0.4778019,0.14991388,0.045283563,0.45285025,-0.38097575,1,-2,2
543,2008-11-01,-0.22756697,0.69277304,0.044714216,0.062119953,0.044611853,-0.75864416,1,-2,2
544,2008-12-01,-0.4256132,0.08822968,0.3217589,0.03872232,0.038954195,-0.7950818,1,-2,2
545,2009-01-01,-0.37575552,0.50095886,0.16200908,0.45115632,0.065425865,-0.20587231,1,-2,2
546,2009-02-01,-0.23724881,0.26465285,0.23396662,-0.06040856,0.3080777,-0.34196714,1,-2,2
547,2009-03-01,-0.48221812,-0.25130987,-0.09638388,0.1469069,0.13591145,-0.35776684,1,-2,2
548,2009-04-01,-0.13457276,-0.49561584,-0.24303745,-0.3461029,0.4770509,-0.115488805,0,0,0
549,2009-05-01,-0.09738629,0.23809916,-0.61396563,-0.49979395,0.34255993,0.0095882565,0,0,0
550,2009-06-01,-0.24781045,-0.1602861,-0.5936313,-0.2673494,0.63635683,0.3326801,0,0,0
551,2009-07-01,-0.30276787,-0.46600735,-0.48672193,-0.18528165,0.3729417,0.59328854,0,0,0
552,2009-08-01,-0.31498882,-0.5261512,-0.54732686,-0.19064903,0.33621216,0.58611697,0,0,0
553,2009-09-01,0.31624922,-0.47377017,-0.021361105,-0.46686053,-0.07081758,0.6514429,0,0,0
554,2009-10-01,0.4834079,-0.20662254,0.31806812,-0.6368028,0.05728673,0.17445225,0,0,0
555,2009-11-01,0.54924214,-0.37214345,-0.09348252,-0.18730964,-0.106635794,0.778625,0,0,0
556,2009-12-01,0.6563414,-0.3574339,-0.5051095,-0.29763597,-0.28161395,0.17183073,0,0,0
557,2010-01-01,0.39648792,-0.57038826,-0.31482738,-0.5589909,-0.42995736,0.44662791,0,0,0
558,2010-02-01,0.37326008,-0.32042485,-0.3427598,-0.026501471,-0.24375343,0.47228846,0,0,0
559,2010-03-01,0.38545987,-0.14443356,-0.3923555,0.02762685,-0.29157424,0.19913343,0,0,0
560,2010-04-01,0.33273536,0.012838132,-0.018410394,0.27252588,-0.25294268,0.23807444,0,0,0
561,2010-05-01,0.15341212,0.2810125,0.041015368,0.011299765,-0.29573846,0.16109514,0,0,0
562,2010-06-01,-0.3224675,-0.03460397,0.10878217,0.09703569,-0.6331011,0.09715403,0,0,0
563,2010-07-01,-0.44453847,0.11866281,0.030577084,0.042912498,-0.6009255,0.012586399,0,0,0
564,2010-08-01,0.035783187,0.0005680781,0.31304732,0.38795173,-0.05720284,-0.060255494,0,0,0
565,2010-09-01,0.09690577,-0.34745908,0.031053297,0.41542307,-0.00054439117,-0.099440545,0,0,0
566,2010-10-01,0.20964827,-0.07904525,0.022539046,0.7072452,0.04297487,-0.0010477941,0,0,0
567,2010-11-01,0.18009052,-0.34138808,0.13074112,0.45838615,0.14654264,-0.08436359,0,0,0
568,2010-12-01,0.17519376,-0.32150045,0.087053396,0.47601408,0.18440738,0.07242759,0,0,0
569,2011-01-01,0.098236084,-0.40892965,0.39474282,0.31644875,0.25829896,-0.00017722473,0,0,0
570,2011-02-01,0.26403615,0.19501993,-0.07008124,0.7576734,0.44521612,0.06575114,0,0,0
571,2011-03-01,0.48201713,-0.18136254,0.027238533,0.032487374,0.03619266,0.38487023,0,0,0
572,2011-04-01,0.24216537,0.05738721,0.46349072,0.09544437,0.20467475,0.29619375,0,0,0
573,2011-05-01,0.09091417,-0.24471642,0.3602851,-0.10575833,0.5049248,0.31186152,0,0,0
574,2011-06-01,-0.1989134,0.096791595,0.27319264,-0.040500667,0.20803933,0.09290273,0,0,0
575,2011-07-01,-0.06193449,0.3728709,0.50169426,-0.23449403,0.2926584,0.18203214,0,0,0
576,2011-08-01,-0.4432907,0.3492754,0.41666517,0.01062806,0.42651144,0.1852776,0,0,0
577,2011-09-01,-0.16227059,0.3900758,0.3621306,-0.28109342,0.4121854,0.5055397,0,0,0
578,2011-10-01,-0.44010952,-0.053367503,0.4833225,-0.016642852,0.35077202,0.4755799,0,0,0
579,2011-11-01,-0.15983541,0.1539912,0.7997949,-0.11003523,0.17676565,0.019168155,0,0,0
580,2011-12-01,-0.23366953,-0.21314073,0.18528779,-0.14360796,0.7097729,0.23853809,0,0,0
581,2012-01-01,-0.29118785,-0.20971438,0.7249822,0.047248397,0.50288963,0.3137826,0,0,0
582,2012-02-01,-0.17494306,0.11838701,0.5720397,0.24750279,0.3885333,0.12546822,0,0,0
583,2012-03-01,-0.05327072,0.20906009,0.26295197,0.24451104,0.57032806,0.20222624,0,0,0
584,2012-04-01,-0.16695307,0.18816483,0.65280426,0.17138308,0.6682586,0.29459882,0,0,0
585,2012-05-01,-0.23498234,0.46693408,0.47580087,0.18530062,0.55806893,0.338383,0,0,0
586,2012-06-01,-0.3427876,0.21965168,0.39155933,0.002536289,0.7278405,0.4102401,0,0,0
587,2012-07-01,-0.24516279,0.2537363,0.68205506,0.11008665,0.38749143,0.17008892,0,0,0
588,2012-08-01,-0.07682063,0.18573646,0.57702476,0.062351517,0.60626245,0.32447678,0,0,0
589,2012-09-01,0.0037362278,0.18793535,0.46788028,0.24174172,0.6145409,0.32453924,0,0,0
590,2012-10-01,-0.18176015,0.18647829,0.58791983,0.19337393,0.7138199,0.24350415,0,0,0
591,2012-11-01,-0.1621537,0.10511321,0.6649602,-0.14671934,0.76702374,0.32205415,0,0,0
592,2012-12-01,0.021293025,0.18606874,0.4349631,0.029376226,0.66312575,0.40591115,0,0,0
593,2013-01-01,0.28199935,0.20783934,0.27063683,0.18406789,0.5073699,0.23057446,0,0,0
594,2013-02-01,0.2693437,0.22178166,0.4133588,-0.054305874,0.7418758,0.18522288,0,0,0
595,2013-03-01,0.1990342,0.17987864,0.17504214,0.12331697,0.47238064,0.309657,0,0,0
596,2013-04-01,0.20002593,0.33984137,0.47124705,-0.023651166,0.6971624,0.22353034,0,0,0
597,2013-05-01,0.2929231,0.222846,0.30188456,0.06519341,0.33822304,0.24910006,0,0,0
598,2013-06-01,0.1835036,0.3402865,0.56522006,-0.024891837,0.69359666,0.20954746,0,0,0
599,2013-07-01,0.49100605,0.41903806,-0.01258002,0.20924336,0.7022829,0.08099442,0,0,0
600,2013-08-01,0.23887064,0.3916836,-0.009614322,0.22367524,0.6517354,0.24133447,0,0,0
601,2013-09-01,0.038111158,0.18381292,0.09991875,0.12594174,0.27969807,0.30664146,0,0,0
602,2013-10-01,0.056070916,0.32362324,0.4030671,0.050554212,0.5004528,0.1450076,0,0,0
603,2013-11-01,0.07229499,0.25301865,0.4166625,-0.031424668,0.6478836,0.13115622,0,0,0
604,2013-12-01,0.008813551,0.038485944,0.5333621,0.03503017,0.49642828,0.27950743,0,0,0
605,2014-01-01,0.083655946,0.18589123,0.49755293,-0.027016833,0.65872115,0.18761475,0,0,0
606,2014-02-01,-0.0027862703,-0.024737215,0.24859634,0.064482346,0.6150105,0.6219265,0,0,0
607,2014-03-01,-0.05559526,0.28075036,0.37298566,0.1724032,0.27633262,0.16130391,,,
608,2014-04-01,-0.077784024,0.3702674,0.33147871,0.007075554,0.7985904,0.35746697,,,
609,2014-05-01,-0.4068597,0.19296703,0.16739482,0.06082369,0.5855025,0.43777716,,,
