,date,macro_0,macro_1,macro_2,macro_3,Rec,Neg_Rec,Recessions
0,1963-08-01,-0.18164569,0.15719268,0.048868757,0.33894387,0,0,0
1,1963-09-01,0.03904918,0.28073058,-0.0019317957,0.05472348,0,0,0
2,1963-10-01,-0.008150542,0.15063378,0.12739936,0.1419734,0,0,0
3,1963-11-01,-0.19507127,0.2637254,0.35924897,0.021965021,0,0,0
4,1963-12-01,-0.03949664,0.30207047,0.04923569,0.13617371,0,0,0
5,1964-01-01,-0.08332637,0.4350352,0.009908269,0.11739466,0,0,0
6,1964-02-01,0.023987165,0.40668792,-0.015532331,0.15307255,0,0,0
7,1964-03-01,-0.01505418,0.22210518,-0.03541493,0.015744142,0,0,0
8,1964-04-01,-0.08684127,0.061301816,0.05307645,0.26866212,0,0,0
9,1964-05-01,-0.3422132,0.12849247,0.22871701,0.060092013,0,0,0
10,1964-06-01,-0.14436097,0.17632742,0.06896394,0.09250939,0,0,0
11,1964-07-01,0.031600233,0.2815723,0.06276081,0.17950433,0,0,0
12,1964-08-01,0.12294397,0.16879478,0.1755031,0.16115566,0,0,0
13,1964-09-01,0.13437985,0.05450299,0.1157063,0.20099998,0,0,0
14,1964-10-01,0.22984655,0.11209421,0.1881295,0.078044616,0,0,0
15,1964-11-01,0.042324018,0.09671241,0.18818416,0.18543863,0,0,0
16,1964-12-01,0.01523437,0.29450497,0.17455158,0.63294715,0,0,0
17,1965-01-01,-0.3735719,0.18737559,-0.09156416,0.12280058,0,0,0
18,1965-02-01,0.058069117,0.09815782,-0.07227769,0.02198244,0,0,0
19,1965-03-01,-0.124331735,0.31156576,-0.2711794,0.36920324,0,0,0
20,1965-04-01,0.05213205,0.023110624,-0.024232317,0.33511737,0,0,0
21,1965-05-01,0.02165838,0.27229214,-0.20023873,0.10770039,0,0,0
22,1965-06-01,0.0050505935,0.35409638,0.046617016,0.47406372,0,0,0
23,1965-07-01,-0.3938299,-0.053940017,0.08503385,0.90595776,0,0,0
24,1965-08-01,-0.063843414,0.37021586,0.013912188,0.3608193,0,0,0
25,1965-09-01,-0.042268988,0.37083495,0.10723951,0.31827724,0,0,0
26,1965-10-01,-0.08649899,0.23355667,0.23241986,0.2517037,0,0,0
27,1965-11-01,-0.016361937,0.3382728,0.35345966,0.14690642,0,0,0
28,1965-12-01,-0.036089614,0.24984202,0.11949887,0.22038774,0,0,0
29,1966-01-01,0.0651116,0.08914899,0.12174321,0.13691905,0,0,0
30,1966-02-01,-0.004393125,0.27377012,0.22176912,0.14477077,0,0,0
31,1966-03-01,-0.058155432,0.3094362,0.3139684,0.38068086,0,0,0
32,1966-04-01,-0.048812028,-0.04715933,0.15358344,0.62792873,0,0,0
33,1966-05-01,0.0016391136,0.13156514,0.17571071,0.16531825,0,0,0
34,1966-06-01,-0.021348821,0.22112688,0.3796468,0.5987498,0,0,0
35,1966-07-01,0.010049178,0.17826916,0.09966624,0.70750207,0,0,0
36,1966-08-01,0.005950866,0.042796362,0.18256623,0.18345651,0,0,0
37,1966-09-01,-0.07040665,0.22538398,0.3158154,0.78896874,0,0,0
38,1966-10-01,0.010244177,-0.08527478,0.077849366,0.41542688,0,0,0
39,1966-11-01,0.022719752,-0.11589111,0.32617864,0.23920146,0,0,0
40,1966-12-01,-0.10719085,-0.025066722,0.19352101,0.254522,0,0,0
41,1967-01-01,-0.08378779,0.080016546,0.22205515,0.3435075,0,0,0
42,1967-02-01,0.0061261216,0.47316054,0.09658238,0.18164164,0,0,0
43,1967-03-01,-0.3177286,0.1365797,0.2586123,0.5870888,0,0,0
44,1967-04-01,-0.1911431,0.2964345,0.13266993,0.40917137,0,0,0
45,1967-05-01,-0.27508348,0.4985838,0.22841606,0.15188602,0,0,0
46,1967-06-01,-0.29328597,0.2831233,-0.10022854,0.119230434,0,0,0
47,1967-07-01,0.028679976,0.5330351,-0.06989987,0.15084875,0,0,0
48,1967-08-01,0.08697473,0.36972442,0.1526851,0.014946953,0,0,0
49,1967-09-01,0.052062456,0.4399591,0.0270333,0.00023031277,0,0,0
50,1967-10-01,0.013757448,0.37228233,0.13057272,-0.058499392,0,0,0
51,1967-11-01,-0.05737488,0.020538934,0.19781896,-0.21514073,0,0,0
52,1967-12-01,-0.00266322,0.23714799,-0.26694798,-0.20552412,0,0,0
53,1968-01-01,-0.10942116,0.42271864,-0.21708801,-0.13137321,0,0,0
54,1968-02-01,-0.11924607,-0.061567925,0.08835872,-0.32574797,0,0,0
55,1968-03-01,-0.03339645,0.076403126,0.10618706,0.094902694,0,0,0
56,1968-04-01,0.16654147,-0.14351846,0.116268076,0.0623257,0,0,0
57,1968-05-01,-0.031067004,0.27528417,-0.0293074,-0.13154966,0,0,0
58,1968-06-01,-0.17178908,0.42584705,-0.023479532,0.11043547,0,0,0
59,1968-07-01,-0.14194658,0.1706996,0.016390344,0.05596314,0,0,0
60,1968-08-01,-0.2488385,0.0645963,0.07951966,0.090807,0,0,0
61,1968-09-01,-0.03521728,0.28522807,-0.027478592,0.28899127,0,0,0
62,1968-10-01,0.046337802,0.48188376,-0.043644458,0.108814865,0,0,0
63,1968-11-01,-0.056802392,0.10475742,0.024297955,0.011253765,0,0,0
64,1968-12-01,0.16368489,0.37153253,0.09051749,0.07442692,0,0,0
65,1969-01-01,0.12616967,0.083895646,-0.052792985,0.24327984,0,0,0
66,1969-02-01,0.1295028,0.072462745,0.13070704,0.042377576,0,0,0
67,1969-03-01,0.035564087,-0.0041150195,0.12422526,0.13368957,0,0,0
68,1969-04-01,0.10807836,-0.1621409,0.027281985,0.17479926,0,0,0
69,1969-05-01,0.00055110216,-0.029775405,0.03189646,0.066714376,0,0,0
70,1969-06-01,-0.07519394,0.12814961,0.14341253,0.26509875,0,0,0
71,1969-07-01,-0.12600404,0.13429372,0.15575485,0.509273,0,0,0
72,1969-08-01,-0.09480658,0.08802502,0.14884372,0.4851337,0,0,0
73,1969-09-01,0.2518552,-0.06686895,0.3093744,0.27234015,0,0,0
74,1969-10-01,0.040714994,0.018538987,0.15651809,0.118629836,1,-2,2
75,1969-11-01,0.24714632,0.16114761,0.2768011,0.047491696,1,-2,2
76,1969-12-01,0.09604213,0.1423152,0.13265066,0.2505991,1,-2,2
77,1970-01-01,-0.16562976,0.05064065,0.7168202,0.25442618,1,-2,2
78,1970-02-01,-0.14182429,0.055573244,0.15375309,0.22970293,1,-2,2
79,1970-03-01,0.05538146,0.36200735,0.34734076,0.23250115,1,-2,2
80,1970-04-01,-0.052068677,0.066794686,0.5251831,0.15217339,1,-2,2
81,1970-05-01,-0.1459798,0.05091887,0.5264607,0.17489652,1,-2,2
82,1970-06-01,-0.22159159,0.21189775,0.27233547,0.0472266,1,-2,2
83,1970-07-01,-0.13925059,0.1556458,-0.12036922,-0.065417,1,-2,2
84,1970-08-01,0.42123914,0.42415336,-0.24353173,-0.04508244,1,-2,2
85,1970-09-01,0.17178276,0.2799392,-0.2344638,-0.07704731,0,0,0
86,1970-10-01,-0.0734675,0.36044356,-0.256157,-0.1831958,0,0,0
87,1970-11-01,-0.38075197,0.120513536,-0.09707705,-0.36001626,0,0,0
88,1970-12-01,-0.1209699,0.3251583,0.071963586,-0.4201014,0,0,0
89,1971-01-01,-0.3253867,0.23969647,-0.10017425,-0.21729009,0,0,0
90,1971-02-01,0.15697739,0.61469746,-0.2952532,-0.006449599,0,0,0
91,1971-03-01,-0.09919037,0.35644898,-0.039238222,-0.21346274,0,0,0
92,1971-04-01,0.078031965,0.15019824,-0.03581139,-0.20616242,0,0,0
93,1971-05-01,0.24187054,0.08447149,0.07946078,-0.10526143,0,0,0
94,1971-06-01,0.15501338,-0.07302059,0.068835646,-0.2328612,0,0,0
95,1971-07-01,0.039561998,-0.1449784,0.12929623,-0.22681245,0,0,0
96,1971-08-01,-0.027387694,-0.122673236,-0.090776876,-0.24860984,0,0,0
97,1971-09-01,0.20492537,-0.49770468,-0.14911099,-0.22117192,0,0,0
98,1971-10-01,0.021549135,-0.09210722,-0.048893634,-0.15418893,0,0,0
99,1971-11-01,-0.0506828,-0.29838565,0.0188767,0.1329148,0,0,0
100,1971-12-01,-0.18274516,-0.07102915,0.00044038007,-0.015671497,0,0,0
101,1972-01-01,0.11391609,0.049100965,-0.06317306,-0.0314809,0,0,0
102,1972-02-01,-0.13816011,0.19824962,-0.05102006,-0.11979947,0,0,0
103,1972-03-01,-0.16613582,0.16863123,-0.053561226,-0.06269589,0,0,0
104,1972-04-01,-0.21826828,0.25131145,-0.12882432,-0.009562554,0,0,0
105,1972-05-01,0.025809374,0.032182522,-0.016777365,-0.002703289,0,0,0
106,1972-06-01,0.071719766,-0.074602515,-0.2780993,-0.08079936,0,0,0
107,1972-07-01,0.030955927,-0.12368369,-0.09215724,0.004229947,0,0,0
108,1972-08-01,0.16194181,-0.3480247,-0.03226337,-0.07091995,0,0,0
109,1972-09-01,0.18575299,-0.36548084,0.29694805,-0.1900456,0,0,0
110,1972-10-01,0.065185785,-0.18830341,0.08386854,-0.09721712,0,0,0
111,1972-11-01,0.047626227,-0.13444683,0.06132202,-0.0065309806,0,0,0
112,1972-12-01,0.082851276,-0.010136862,0.1416977,0.0037183212,0,0,0
113,1973-01-01,-0.07301723,0.11750111,0.08040635,-0.05281669,0,0,0
114,1973-02-01,-0.05395009,-0.014759095,0.10049435,0.014088029,0,0,0
115,1973-03-01,0.060172994,-0.15033552,0.06336126,0.15897104,0,0,0
116,1973-04-01,0.035588346,-0.35318026,0.00065731327,0.34006172,0,0,0
117,1973-05-01,-0.021949805,-0.119325146,-0.15382387,0.5011914,0,0,0
118,1973-06-01,0.02030258,-0.21600464,0.023946444,0.4472056,0,0,0
119,1973-07-01,0.026649881,-0.1524402,0.074927896,0.44750103,0,0,0
120,1973-08-01,0.15534762,-0.054645017,0.19070439,0.15064463,0,0,0
121,1973-09-01,0.17500967,-0.040651664,0.09311414,0.48503318,1,-2,2
122,1973-10-01,0.24538636,0.11389356,0.48469424,0.29942575,1,-2,2
123,1973-11-01,0.15406235,-0.05806256,0.6246259,0.09273586,1,-2,2
124,1973-12-01,0.05995553,-0.0061828415,0.1498073,0.20058005,1,-2,2
125,1974-01-01,0.036660235,0.07842772,0.33422,0.03276368,1,-2,2
126,1974-02-01,0.2957209,0.6459209,0.2668141,0.34226105,1,-2,2
127,1974-03-01,0.18116179,0.38676006,0.37745658,0.48229814,1,-2,2
128,1974-04-01,-0.01804013,0.36521402,0.20510411,0.5891352,1,-2,2
129,1974-05-01,-0.005879535,0.09184532,0.2982833,0.38064915,1,-2,2
130,1974-06-01,-0.07004677,0.29506257,0.19335084,0.45167235,1,-2,2
131,1974-07-01,-0.07229134,0.33185843,0.34498253,0.20869617,1,-2,2
132,1974-08-01,-0.2989701,-0.0051242346,0.1660186,0.19766581,1,-2,2
133,1974-09-01,-0.34581766,-0.11328788,0.4210844,0.51421934,1,-2,2
134,1974-10-01,-0.34619984,-0.06523034,0.038880255,0.6666587,1,-2,2
135,1974-11-01,0.22885104,0.13943537,0.34034944,0.018538682,1,-2,2
136,1974-12-01,0.17237855,0.02585958,0.3295596,0.07467056,1,-2,2
137,1975-01-01,-0.11932694,0.013195381,0.3039267,-0.121097006,0,0,0
138,1975-02-01,0.06244169,0.7010937,0.35771915,-0.35466594,0,0,0
139,1975-03-01,-0.09512273,0.062427737,0.17842127,-0.14533313,0,0,0
140,1975-04-01,-0.24455439,0.39151794,0.06339061,-0.10995463,0,0,0
141,1975-05-01,-0.29283962,0.51798284,0.23969494,-0.1152012,0,0,0
142,1975-06-01,-0.30893323,0.36984736,-0.21891394,-0.12817957,0,0,0
143,1975-07-01,0.06789248,0.7672668,-0.5791735,-0.017520452,0,0,0
144,1975-08-01,-0.010239431,0.3334304,-0.23982726,-0.41873458,0,0,0
145,1975-09-01,-0.1968067,0.39516065,0.09699915,-0.24121532,0,0,0
146,1975-10-01,0.085384354,0.28040186,0.006716977,-0.43872404,0,0,0
147,1975-11-01,0.31106374,0.17062429,-0.19143072,-0.1992168,0,0,0
148,1975-12-01,0.09770387,0.23947363,-0.08919015,-0.1488259,0,0,0
149,1976-01-01,0.5638841,-0.01343226,-0.23696277,-0.29333794,0,0,0
150,1976-02-01,0.13355646,0.3349399,-0.37086266,-0.012802298,0,0,0
151,1976-03-01,0.18812461,0.09647615,-0.25576904,-0.105940126,0,0,0
152,1976-04-01,0.11432722,-0.028345348,-0.043266192,-0.09510415,0,0,0
153,1976-05-01,0.08016931,0.0015929174,0.056646656,0.24300547,0,0,0
154,1976-06-01,0.15359618,-0.2979684,0.059978746,0.39094847,0,0,0
155,1976-07-01,0.73451495,-0.03355164,0.22854458,0.19558078,0,0,0
156,1976-08-01,0.8891634,-0.04562125,0.14781792,0.42182243,0,0,0
157,1976-09-01,0.39530152,-0.30075553,0.07386822,0.13896328,0,0,0
158,1976-10-01,0.4767858,-0.42060673,0.21041517,0.13568123,0,0,0
159,1976-11-01,0.30895618,-0.27351186,0.07810979,0.40712637,0,0,0
160,1976-12-01,0.018800063,-0.7347963,-0.022092644,0.3104269,0,0,0
161,1977-01-01,-0.04536578,-0.10624704,0.2812776,0.012234527,0,0,0
162,1977-02-01,-0.077526554,-0.024291538,0.17477216,-0.03628986,0,0,0
163,1977-03-01,-0.06613303,-0.30530602,0.023251234,0.40622544,0,0,0
164,1977-04-01,-0.040547702,-0.34678262,0.029813347,0.17983551,0,0,0
165,1977-05-01,-0.061560903,-0.5127063,-0.13896304,-0.0024727471,0,0,0
166,1977-06-01,-0.040232953,-0.5161738,-0.09160145,0.049288977,0,0,0
167,1977-07-01,-0.058718033,-0.5100159,-0.05073677,-0.033065412,0,0,0
168,1977-08-01,-0.106566705,-0.41028064,-0.0035997683,-0.049263112,0,0,0
169,1977-09-01,-0.07288035,-0.13173999,0.0010443905,0.21427171,0,0,0
170,1977-10-01,-0.00724325,-0.1378,0.09919508,0.11616021,0,0,0
171,1977-11-01,-0.08942282,0.029381847,0.029253103,0.1656864,0,0,0
172,1977-12-01,-0.038187083,-0.5179419,-0.03479713,0.08928519,0,0,0
173,1978-01-01,-0.3643047,-0.053229682,0.2883494,0.017288418,0,0,0
174,1978-02-01,-0.19456178,-0.03502262,0.4693428,-0.07042096,0,0,0
175,1978-03-01,-0.043129362,-0.4808733,-0.0017404489,0.38784063,0,0,0
176,1978-04-01,-0.035029672,-0.013505951,-0.12071653,0.11921489,0,0,0
177,1978-05-01,-0.010741241,0.029257037,0.06206604,-0.021081794,0,0,0
178,1978-06-01,-0.036579,-0.13210928,0.06965289,0.010954741,0,0,0
179,1978-07-01,-0.06948804,-0.29607752,0.064674966,0.35984564,0,0,0
180,1978-08-01,0.049412373,-0.2716949,0.11616907,0.08997047,0,0,0
181,1978-09-01,0.0091763865,-0.22640955,0.26198474,0.0042842343,0,0,0
182,1978-10-01,-0.007311697,-0.20163076,0.2989915,0.24435776,0,0,0
183,1978-11-01,-0.06355303,-0.04748423,0.13698833,0.5314898,0,0,0
184,1978-12-01,0.18666779,-0.3956694,0.104738064,0.31650236,0,0,0
185,1979-01-01,0.004110571,-0.21088849,0.16209774,0.20928535,0,0,0
186,1979-02-01,-0.044547155,-0.22489467,0.23482685,0.2506081,0,0,0
187,1979-03-01,-0.2039038,-0.043050837,0.2107669,0.3624682,0,0,0
188,1979-04-01,0.09125096,-0.07612575,0.19433555,0.22520924,0,0,0
189,1979-05-01,0.039913043,0.100811064,0.053025834,0.127234,0,0,0
190,1979-06-01,-0.115266114,0.081944466,0.1383604,0.6812685,0,0,0
191,1979-07-01,0.055210695,0.06169315,0.09829567,0.27741924,0,0,0
192,1979-08-01,0.16989304,0.0030741396,0.09568779,0.07623913,0,0,0
193,1979-09-01,-0.0020245793,0.2086301,0.012863118,0.002967542,0,0,0
194,1979-10-01,-0.19213144,0.14649566,0.36819565,0.028324643,0,0,0
195,1979-11-01,-0.4386816,0.10328979,-0.012681214,-0.14481191,1,-2,2
196,1979-12-01,0.34312665,-0.13029274,0.07658983,-0.28074533,1,-2,2
197,1980-01-01,0.26978454,-0.05442982,0.1522946,-0.22428416,1,-2,2
198,1980-02-01,-0.010748812,-0.08018181,0.09634625,-0.07330445,1,-2,2
199,1980-03-01,-0.09439722,-0.08156783,0.15710865,-0.04338069,1,-2,2
200,1980-04-01,-0.24583901,-0.0052671656,0.06251571,0.3148907,1,-2,2
201,1980-05-01,0.36631504,0.015405708,0.25650242,0.09396878,0,0,0
202,1980-06-01,-0.030748606,0.056575302,0.330808,0.00206233,0,0,0
203,1980-07-01,0.27913907,0.020101698,-0.48487407,0.024408907,0,0,0
204,1980-08-01,0.020472327,0.13813664,-0.086418375,-0.18306252,0,0,0
205,1980-09-01,0.41591173,0.37832898,0.0030273083,-0.09083296,0,0,0
206,1980-10-01,0.29521552,0.27293986,0.037121184,-0.27680156,0,0,0
207,1980-11-01,0.3152215,0.20922524,-0.016430922,-0.101778455,0,0,0
208,1980-12-01,0.20034817,0.17632797,0.07876482,-0.017978966,0,0,0
209,1981-01-01,0.012903034,0.0024582024,0.36343572,-0.21613288,0,0,0
210,1981-02-01,0.08535434,-0.2943958,0.13309602,-0.16324416,0,0,0
211,1981-03-01,0.21689431,-0.14068034,0.10010669,-0.057975136,0,0,0
212,1981-04-01,-0.23330593,-0.2723524,0.2572068,-0.3108625,0,0,0
213,1981-05-01,-0.636843,0.068156876,0.07444207,-0.2030718,1,-2,2
214,1981-06-01,-0.46783745,0.0148531385,0.24747188,-0.08327236,1,-2,2
215,1981-07-01,-0.3924024,0.06142445,0.1529291,0.035028033,1,-2,2
216,1981-08-01,-0.4352581,-0.18950795,0.3435929,0.48690018,1,-2,2
217,1981-09-01,-0.41297796,-0.16525275,0.2321613,0.2983507,1,-2,2
218,1981-10-01,-0.606477,-0.11586437,0.033227917,0.557452,1,-2,2
219,1981-11-01,0.0053594727,-0.21305741,0.08352344,0.30723873,1,-2,2
220,1981-12-01,-0.42957905,-0.03197451,0.4326207,0.082025155,1,-2,2
221,1982-01-01,-0.59044766,0.000795156,0.40412006,0.15502094,1,-2,2
222,1982-02-01,-0.5230947,0.16222998,0.41120845,-0.009152621,1,-2,2
223,1982-03-01,-0.6197627,0.19230634,0.10230457,-0.29894367,1,-2,2
224,1982-04-01,-0.6369598,0.22405152,0.0056970073,-0.16775711,1,-2,2
225,1982-05-01,-0.6250849,0.10457284,0.12867576,-0.0861791,1,-2,2
226,1982-06-01,-0.70668507,0.03818492,0.08363221,-0.2561115,1,-2,2
227,1982-07-01,-0.29465124,0.27975473,-0.07136253,-0.20325632,1,-2,2
228,1982-08-01,-0.6016461,0.15521327,-0.11153843,-0.23983142,1,-2,2
229,1982-09-01,-0.36419395,0.29505944,-0.049741797,-0.22860847,0,0,0
230,1982-10-01,-0.38705707,0.08140024,-0.10892539,-0.30992308,0,0,0
231,1982-11-01,-0.1156755,0.23848285,-0.08081048,-0.14759189,0,0,0
232,1982-12-01,-0.19929409,0.63677615,-0.0023647225,-0.28950492,0,0,0
233,1983-01-01,-0.6397678,-0.055260338,0.002359773,-0.75042945,0,0,0
234,1983-02-01,-0.5266518,0.16783178,0.04095769,-0.4884789,0,0,0
235,1983-03-01,-0.14699723,0.23263597,0.039722666,-0.13198818,0,0,0
236,1983-04-01,0.40781474,0.17866512,0.0703804,-0.20939262,0,0,0
237,1983-05-01,0.18166232,0.17468312,-0.05408229,-0.0614182,0,0,0
238,1983-06-01,0.40416914,0.05158459,-0.054068577,-0.09190174,0,0,0
239,1983-07-01,0.42889893,-0.051444557,0.024818135,-0.038222313,0,0,0
240,1983-08-01,0.3121392,-0.12610589,0.023682479,0.005163492,0,0,0
241,1983-09-01,0.11918281,-0.08728107,0.065271996,0.22978453,0,0,0
242,1983-10-01,0.13802719,-0.30771855,0.26105958,0.082748495,0,0,0
243,1983-11-01,-0.027971514,-0.06516256,0.20116283,0.12299742,0,0,0
244,1983-12-01,0.25256482,-0.267258,0.12779918,0.07042822,0,0,0
245,1984-01-01,0.13850123,-0.3835119,0.1965036,0.2541728,0,0,0
246,1984-02-01,0.056830082,-0.42179003,0.2840723,0.3563892,0,0,0
247,1984-03-01,-0.047087397,-0.3155532,0.17507604,0.5157963,0,0,0
248,1984-04-01,0.32414237,-0.25225207,0.20904334,0.34973902,0,0,0
249,1984-05-01,0.26977736,-0.5608842,0.37373453,0.6155973,0,0,0
250,1984-06-01,0.04520085,-0.47687915,0.14843507,0.6835756,0,0,0
251,1984-07-01,0.021580098,-0.40052843,0.36006153,0.5217717,0,0,0
252,1984-08-01,0.1592491,-0.30517706,0.10073228,0.55451506,0,0,0
253,1984-09-01,0.39569598,-0.6904208,0.47292003,0.32160404,0,0,0
254,1984-10-01,0.2536452,-0.43829614,0.3143281,0.4103851,0,0,0
255,1984-11-01,-0.014270137,-0.3582081,0.47964764,0.28053656,0,0,0
256,1984-12-01,-0.15211578,-0.4987621,0.2007078,0.032850236,0,0,0
257,1985-01-01,0.045744337,-0.15758188,0.061909553,-0.09690645,0,0,0
258,1985-02-01,0.49182144,-0.05789579,0.10334931,-0.33678335,0,0,0
259,1985-03-01,0.33356118,0.27755964,0.21404524,-0.42809647,0,0,0
260,1985-04-01,0.21998475,0.06339517,0.2633291,-0.04107604,0,0,0
261,1985-05-01,0.23226784,-0.104840316,0.041572515,-0.05983374,0,0,0
262,1985-06-01,0.11430108,-0.11318408,-0.3280256,-0.04278213,0,0,0
263,1985-07-01,0.30590233,-0.18458202,-0.21661735,-0.103518486,0,0,0
264,1985-08-01,0.28891993,-0.1431702,-0.29078716,-0.18221481,0,0,0
265,1985-09-01,0.08501785,0.10397443,-0.08811219,-0.022602355,0,0,0
266,1985-10-01,0.2569085,0.17697412,-0.15492812,-0.07606215,0,0,0
267,1985-11-01,0.34403068,-0.17499022,-0.13016699,-0.031544365,0,0,0
268,1985-12-01,0.48317498,-0.04398301,-0.28126985,-0.07772281,0,0,0
269,1986-01-01,0.5677817,-0.06502022,-0.11810457,-0.050935082,0,0,0
270,1986-02-01,0.31643218,0.053141363,-0.37546486,-0.17684068,0,0,0
271,1986-03-01,0.48242122,-0.15034308,-0.12628897,-0.15310058,0,0,0
272,1986-04-01,0.5222997,-0.06407331,-0.038773265,-0.07322165,0,0,0
273,1986-05-01,0.2931887,-0.013657735,-0.26623118,0.04300567,0,0,0
274,1986-06-01,0.18873495,0.1926244,-0.19375062,0.0977134,0,0,0
275,1986-07-01,0.37431592,0.10445522,-0.15253358,-0.10520893,0,0,0
276,1986-08-01,0.016734205,-0.019111244,-0.03187453,-0.116646886,0,0,0
277,1986-09-01,0.39841792,-0.32444662,0.023240002,-0.054925177,0,0,0
278,1986-10-01,0.05470512,-0.0870904,0.08972067,-0.08127203,0,0,0
279,1986-11-01,0.18792844,-0.070195645,-0.09374388,-0.02342368,0,0,0
280,1986-12-01,0.12593627,-0.055429764,0.2733573,-0.23794778,0,0,0
281,1987-01-01,-0.20719598,-0.007725425,0.2764405,-0.20799531,0,0,0
282,1987-02-01,0.21835312,0.17390631,-0.077542685,-0.086571805,0,0,0
283,1987-03-01,0.37096658,0.32965004,-0.4376526,0.14579567,0,0,0
284,1987-04-01,0.36737686,-0.06072595,-0.3495663,0.0124778,0,0,0
285,1987-05-01,0.51220423,-0.06943876,-0.16341175,0.020407809,0,0,0
286,1987-06-01,0.3271093,-0.26134425,-0.3606317,0.17280774,0,0,0
287,1987-07-01,0.037618496,-0.052803926,-0.054421168,0.064882986,0,0,0
288,1987-08-01,-0.05520536,-0.19335687,-0.12588674,0.09409208,0,0,0
289,1987-09-01,0.07178674,-0.29055598,-0.016997594,0.15798235,0,0,0
290,1987-10-01,-0.060141213,-0.67042416,0.4936873,0.42478475,0,0,0
291,1987-11-01,-0.043045122,-0.026053507,0.26979378,0.80001336,0,0,0
292,1987-12-01,0.07849209,-0.37158817,-0.10485749,0.43138418,0,0,0
293,1988-01-01,0.20164879,-0.15844308,-0.0155364955,0.14563337,0,0,0
294,1988-02-01,0.30531836,-0.22672927,-0.16534193,0.13275452,0,0,0
295,1988-03-01,0.36357632,0.18978803,-0.012814749,0.34039506,0,0,0
296,1988-04-01,0.16460791,-0.229244,0.06415437,0.57940555,0,0,0
297,1988-05-01,0.26885363,-0.20872666,-0.20837618,0.074622646,0,0,0
298,1988-06-01,0.4325456,-0.21137108,-0.24017823,0.17514597,0,0,0
299,1988-07-01,0.017059924,-0.3160651,0.041514985,-0.30229658,0,0,0
300,1988-08-01,-0.040761545,-0.6802073,0.17674737,-0.030673744,0,0,0
301,1988-09-01,-0.18657334,-0.37741485,0.16380705,0.38890305,0,0,0
302,1988-10-01,0.14192025,-0.5278679,0.16556579,0.1029363,0,0,0
303,1988-11-01,-0.06866968,-0.18277289,0.2506646,0.0065870862,0,0,0
304,1988-12-01,-0.07764781,-0.09309268,0.1054057,-0.028580066,0,0,0
305,1989-01-01,0.07825893,0.075589254,-0.029336017,-0.048553273,0,0,0
306,1989-02-01,0.3348328,0.16900288,-0.012136533,-0.10600097,0,0,0
307,1989-03-01,0.12608452,0.12200581,0.22741693,-0.22016911,0,0,0
308,1989-04-01,-0.037813857,-0.22691403,-0.04195936,0.3173434,0,0,0
309,1989-05-01,0.023475802,0.19317143,-0.24725856,0.4353093,0,0,0
310,1989-06-01,0.09990953,-0.16497214,-0.0346487,0.18159044,0,0,0
311,1989-07-01,-0.11172204,0.21130587,-0.006457779,0.5276754,0,0,0
312,1989-08-01,-0.35638103,0.08066321,0.28769648,0.23490176,0,0,0
313,1989-09-01,-0.26180422,0.04999379,0.24746156,0.07431054,0,0,0
314,1989-10-01,-0.119323485,0.31555575,0.20752199,0.12562606,0,0,0
315,1989-11-01,-0.32088125,-0.0030499944,0.39439118,-0.08140471,0,0,0
316,1989-12-01,0.14936236,0.0589525,0.44410223,-0.12619962,0,0,0
317,1990-01-01,-0.1288404,-0.11394119,0.52440614,-0.32379442,0,0,0
318,1990-02-01,-0.103836015,-0.09058285,0.2286739,0.008785618,0,0,0
319,1990-03-01,0.02702503,0.033110507,0.1412703,0.3197392,0,0,0
320,1990-04-01,-0.13423328,-0.1476014,0.23681378,0.14278185,0,0,0
321,1990-05-01,-0.29430807,-0.10504065,0.09580152,0.21416636,1,-2,2
322,1990-06-01,0.25180942,-0.16291547,0.33981338,0.10398844,1,-2,2
323,1990-07-01,-0.0021182431,0.25276077,0.10117259,0.035124708,1,-2,2
324,1990-08-01,0.062598936,0.03968271,0.37965098,-0.014652582,1,-2,2
325,1990-09-01,-0.030562043,-0.027895663,0.26367712,0.4807446,1,-2,2
326,1990-10-01,0.1348346,-0.07138894,0.1154752,0.4511866,1,-2,2
327,1990-11-01,0.27204204,-0.13422088,-0.13692802,0.3148436,1,-2,2
328,1990-12-01,0.2106238,-0.094945766,-0.011663174,0.10278783,1,-2,2
329,1991-01-01,0.30578023,0.029727368,0.20738235,0.11646265,0,0,0
330,1991-02-01,0.1593534,0.3917231,-0.21444489,-0.07142788,0,0,0
331,1991-03-01,0.5466705,0.45111483,-0.016388766,-0.08282987,0,0,0
332,1991-04-01,0.30382714,0.053880308,0.05708549,-0.10709954,0,0,0
333,1991-05-01,0.23698716,0.3631542,-0.06597511,0.08687299,0,0,0
334,1991-06-01,0.17091505,-0.045840316,-0.057918545,-0.09051022,0,0,0
335,1991-07-01,0.3298792,-0.06773868,0.023411753,-0.15927632,0,0,0
336,1991-08-01,0.22037308,-0.029212292,-0.08182947,-0.21517223,0,0,0
337,1991-09-01,0.11124732,0.0009733689,-0.15904501,-0.097109504,0,0,0
338,1991-10-01,0.30755618,-0.03783674,-0.043632995,0.2657582,0,0,0
339,1991-11-01,0.52141505,-0.035113316,-0.17715392,0.056098703,0,0,0
340,1991-12-01,0.2756082,-0.04335641,-0.10782596,0.36871317,0,0,0
341,1992-01-01,0.22226942,0.06464412,-0.42616493,-0.022807445,0,0,0
342,1992-02-01,0.32995775,0.1558135,-0.2520527,-0.04317025,0,0,0
343,1992-03-01,0.16387293,0.16234544,-0.23227172,0.080500476,0,0,0
344,1992-04-01,0.529208,0.091948345,-0.15970407,-0.006472499,0,0,0
345,1992-05-01,0.41958323,0.038146637,-0.19939636,-0.05905364,0,0,0
346,1992-06-01,0.24448177,-0.07406622,-0.37524503,0.07431695,0,0,0
347,1992-07-01,0.50011647,-0.025217604,-0.40178993,0.015467734,0,0,0
348,1992-08-01,0.29208302,-0.28469187,-0.3102965,0.36143944,0,0,0
349,1992-09-01,0.1388703,-0.074038185,-0.35544968,0.21011874,0,0,0
350,1992-10-01,0.26264703,-0.0026644743,-0.61768264,0.13266845,0,0,0
351,1992-11-01,0.44872648,-0.23055758,-0.45842612,0.014390035,0,0,0
352,1992-12-01,0.08084311,0.040063966,-0.3795607,-0.12375103,0,0,0
353,1993-01-01,-0.20942888,-0.26909888,0.02386022,-0.07595271,0,0,0
354,1993-02-01,-0.03925384,-0.16979676,-0.16635695,-0.056357745,0,0,0
355,1993-03-01,0.16683169,-0.33777723,-0.29912782,-0.03005067,0,0,0
356,1993-04-01,0.57336134,-0.19750308,0.32588542,-0.12653731,0,0,0
357,1993-05-01,0.3482931,-0.20163135,-0.15357335,0.23129293,0,0,0
358,1993-06-01,0.1902986,-0.28174427,-0.32889995,0.055714224,0,0,0
359,1993-07-01,0.47063938,-0.19490252,-0.5291973,0.035497647,0,0,0
360,1993-08-01,0.23278894,-0.14523916,-0.48268571,0.3180712,0,0,0
361,1993-09-01,0.18171747,-0.07138488,-0.3620831,0.16276722,0,0,0
362,1993-10-01,0.13817225,-0.056410514,-0.25225985,0.029669043,0,0,0
363,1993-11-01,0.20737444,0.0082795825,-0.38190305,0.029217474,0,0,0
364,1993-12-01,0.2491036,-0.18588439,-0.49348694,-0.004708618,0,0,0
365,1994-01-01,0.25479007,0.095152855,-0.43542376,0.2377358,0,0,0
366,1994-02-01,0.3141215,0.07985794,-0.68193495,0.050296783,0,0,0
367,1994-03-01,0.19745451,-0.100284085,-0.56873643,0.27664146,0,0,0
368,1994-04-01,0.054944668,-0.04679921,-0.46701366,0.52267134,0,0,0
369,1994-05-01,0.28639537,-0.2307764,-0.413696,0.21471125,0,0,0
370,1994-06-01,0.20380673,-0.22320439,-0.63436556,0.34698585,0,0,0
371,1994-07-01,-0.18147601,-0.095958374,-0.07188252,0.35183468,0,0,0
372,1994-08-01,0.10330557,-0.38542515,-0.34868157,0.18846025,0,0,0
373,1994-09-01,0.039350126,-0.21883918,-0.6552463,0.17081966,0,0,0
374,1994-10-01,0.028856194,-0.17301962,-0.38654768,0.3595472,0,0,0
375,1994-11-01,0.07074084,-0.32653898,-0.6773526,0.30161268,0,0,0
376,1994-12-01,0.09052076,-0.20285293,-0.62191504,0.37014693,0,0,0
377,1995-01-01,0.15380755,-0.43518436,-0.47754794,0.37577456,0,0,0
378,1995-02-01,0.06622297,-0.22954299,-0.5700654,0.47263438,0,0,0
379,1995-03-01,0.25938585,-0.26722512,-0.53605974,0.3301176,0,0,0
380,1995-04-01,-0.04508282,-0.045595076,-0.7600065,0.7271911,0,0,0
381,1995-05-01,0.218343,-0.1060027,-0.37126228,0.5647969,0,0,0
382,1995-06-01,0.30819032,-0.16435409,-0.4981957,0.44391435,0,0,0
383,1995-07-01,0.49597996,-0.15188168,-0.5619137,0.3770996,0,0,0
384,1995-08-01,0.45492715,-0.3440749,-0.3913246,0.26781523,0,0,0
385,1995-09-01,0.27917665,-0.091209136,-0.2922644,0.34462973,0,0,0
386,1995-10-01,0.33798277,-0.050239615,-0.22541456,0.18834016,0,0,0
387,1995-11-01,0.2342467,-0.018952683,-0.16787702,0.22279982,0,0,0
388,1995-12-01,0.16411272,0.043215882,-0.11505827,0.21066788,0,0,0
389,1996-01-01,0.29101107,0.022875955,-0.0663386,0.122256376,0,0,0
390,1996-02-01,0.22007057,0.39266428,-0.24614865,0.26996502,0,0,0
391,1996-03-01,0.4612617,0.1202845,0.026404234,0.4834501,0,0,0
392,1996-04-01,0.2512996,0.051192954,-0.09704727,0.29190263,0,0,0
393,1996-05-01,-0.106884465,-0.04237721,0.08000711,-0.064457566,0,0,0
394,1996-06-01,0.25723547,-0.3989583,-0.0016017576,0.15797123,0,0,0
395,1996-07-01,0.11078517,-0.20181414,-0.30814075,0.05198125,0,0,0
396,1996-08-01,0.13365377,-0.099034265,-0.068895735,0.5059327,0,0,0
397,1996-09-01,0.2688526,-0.46345878,-0.15081039,0.31756037,0,0,0
398,1996-10-01,0.44290248,-0.23821037,-0.07667335,0.4471059,0,0,0
399,1996-11-01,0.15201168,-0.130295,-0.13797206,0.22676986,0,0,0
400,1996-12-01,0.37802586,0.013143255,0.10123939,0.5278601,0,0,0
401,1997-01-01,0.31469208,-0.045796085,0.07165938,0.4610641,0,0,0
402,1997-02-01,0.21321481,0.1991843,0.19014563,0.38899803,0,0,0
403,1997-03-01,0.13399449,-0.030790763,0.17949805,0.2529201,0,0,0
404,1997-04-01,-0.020761315,-0.11871382,0.0109889405,0.5631545,0,0,0
405,1997-05-01,0.44970205,-0.29084313,0.06576608,0.24292211,0,0,0
406,1997-06-01,0.24199416,0.068157434,-0.031659212,0.33520383,0,0,0
407,1997-07-01,0.1408434,-0.10933401,0.0256639,0.437158,0,0,0
408,1997-08-01,0.014385399,-0.07624987,-0.044999838,0.09448932,0,0,0
409,1997-09-01,0.018861396,-0.046693422,-0.01982072,0.47925103,0,0,0
410,1997-10-01,0.42249644,-0.25513104,0.14637192,0.2961887,0,0,0
411,1997-11-01,0.08545226,0.0773869,0.042252265,0.5244749,0,0,0
412,1997-12-01,0.349756,-0.04980838,0.16944794,0.4657524,0,0,0
413,1998-01-01,0.18270977,-0.036540788,0.014381597,0.26667055,0,0,0
414,1998-02-01,0.29486266,-0.08033458,0.024911795,0.61120844,0,0,0
415,1998-03-01,0.43681774,0.08399375,-0.3756664,0.3195834,0,0,0
416,1998-04-01,0.08253118,0.062271807,-0.33229378,0.5899508,0,0,0
417,1998-05-01,0.10643613,0.28276718,-0.24484879,0.37287217,0,0,0
418,1998-06-01,0.12316396,0.02688537,-0.5743009,0.67998475,0,0,0
419,1998-07-01,0.43281317,0.0016974201,-0.67865956,0.114016645,0,0,0
420,1998-08-01,0.13902739,0.15980507,-0.18716517,0.6160963,0,0,0
421,1998-09-01,0.08265543,-0.011597173,-0.12898745,0.8894073,0,0,0
422,1998-10-01,0.5089186,-0.1373028,-0.34434524,0.23296855,0,0,0
423,1998-11-01,0.51043606,-0.0023348278,-0.37236533,0.16467428,0,0,0
424,1998-12-01,0.4783681,0.10449093,-0.5582979,0.11059552,0,0,0
425,1999-01-01,0.1255516,0.2717864,-0.64556646,0.38155347,0,0,0
426,1999-02-01,0.1758894,0.014932164,-0.31834847,0.18308942,0,0,0
427,1999-03-01,0.10225471,-0.020117518,-0.4171728,0.18013617,0,0,0
428,1999-04-01,0.19141832,-0.07459895,-0.3292851,0.26472113,0,0,0
429,1999-05-01,0.37212142,0.12713303,-0.2759526,0.03092177,0,0,0
430,1999-06-01,0.25885266,0.14424424,-0.33664086,0.19636852,0,0,0
431,1999-07-01,0.25854105,0.0849384,-0.61656153,0.018575907,0,0,0
432,1999-08-01,0.32037202,-0.19263181,-0.30425143,0.20343962,0,0,0
433,1999-09-01,0.13944703,-0.030445954,-0.5984066,0.18416353,0,0,0
434,1999-10-01,-0.023200905,-0.08536502,-0.3466884,0.34772775,0,0,0
435,1999-11-01,0.22499847,-0.00027282038,-0.47423363,0.26671672,0,0,0
436,1999-12-01,0.17036751,-0.07738495,-0.43912435,0.13680352,0,0,0
437,2000-01-01,0.18922766,-0.21833305,-0.06291141,0.3079714,0,0,0
438,2000-02-01,-0.022812722,0.12064607,-0.383539,0.53224224,0,0,0
439,2000-03-01,-0.0761964,-0.07931396,-0.07677228,0.62591004,0,0,0
440,2000-04-01,0.19672033,-0.22579826,0.059292886,0.3978827,0,0,0
441,2000-05-01,0.021529177,0.022629587,-0.0619208,0.2508953,0,0,0
442,2000-06-01,0.018199375,0.08497032,0.033358674,0.6227764,0,0,0
443,2000-07-01,-0.13648108,0.4389828,0.08678156,0.21673757,0,0,0
444,2000-08-01,0.2372639,0.2374643,-0.2133982,0.7225189,0,0,0
445,2000-09-01,0.28100616,0.079233624,0.048211366,0.4593381,0,0,0
446,2000-10-01,0.07253282,-0.05122472,0.30069873,0.5825177,0,0,0
447,2000-11-01,-0.019504268,-0.31659147,0.46681973,0.49593037,0,0,0
448,2000-12-01,-0.08891263,-0.18533504,0.33909303,0.5620271,0,0,0
449,2001-01-01,-0.12378692,-0.080170676,0.3861149,0.19840007,1,-2,2
450,2001-02-01,0.026872244,0.12485177,0.26436877,0.15812817,1,-2,2
451,2001-03-01,-0.0645621,0.1317236,0.37943393,0.50890315,1,-2,2
452,2001-04-01,0.36236084,0.13705811,-0.1217083,0.036299575,1,-2,2
453,2001-05-01,0.4085616,0.28251868,0.24583623,-0.1633679,1,-2,2
454,2001-06-01,0.46753824,0.12796137,0.06274529,-0.024199476,1,-2,2
455,2001-07-01,0.0813733,0.08190383,0.12950267,-0.28043404,1,-2,2
456,2001-08-01,-0.06607087,0.30675915,0.38992995,-0.23370843,1,-2,2
457,2001-09-01,-0.1362513,0.013687753,0.25315142,-0.3426422,0,0,0
458,2001-10-01,-0.097248174,-0.06597874,0.07157002,-0.17708287,0,0,0
459,2001-11-01,0.15014736,-0.010191442,-0.051164225,-0.2595128,0,0,0
460,2001-12-01,0.14786036,0.16808958,-0.13356021,-0.029810697,0,0,0
461,2002-01-01,0.26871482,0.103215285,0.013673299,-0.09666912,0,0,0
462,2002-02-01,0.13381018,0.093966775,0.1566715,-0.12565714,0,0,0
463,2002-03-01,0.1772134,0.08137816,0.0040201643,-0.15865278,0,0,0
464,2002-04-01,0.042674344,-0.22925812,-0.47446865,-0.03584914,0,0,0
465,2002-05-01,-0.033442087,-0.09473132,-0.46627876,0.18668707,0,0,0
466,2002-06-01,-0.120285034,-0.091582485,-0.31034264,-0.018715123,0,0,0
467,2002-07-01,-0.082014345,-0.1289455,-0.4087724,-0.09218846,0,0,0
468,2002-08-01,-0.118527494,-0.16184767,-0.21958198,-0.077260144,0,0,0
469,2002-09-01,-0.022447875,-0.43431205,-0.5006961,-0.05420832,0,0,0
470,2002-10-01,-0.05902844,-0.0817065,-0.26419955,0.37274143,0,0,0
471,2002-11-01,0.23584905,-0.23732167,-0.24862549,0.023251213,0,0,0
472,2002-12-01,0.5729091,-0.19045237,-0.17114165,-0.03443279,0,0,0
473,2003-01-01,0.23134226,-0.018555583,-0.37434945,-0.04781395,0,0,0
474,2003-02-01,0.07841899,-0.24007764,-0.3580263,0.3846134,0,0,0
475,2003-03-01,0.111436985,-0.21585186,-0.4833034,0.104644485,0,0,0
476,2003-04-01,0.49983275,-0.21109143,-0.28503442,-0.028242923,0,0,0
477,2003-05-01,0.6094915,-0.2431711,-0.26455116,-0.14039725,0,0,0
478,2003-06-01,0.28188047,-0.4601,-0.43271315,0.13046996,0,0,0
479,2003-07-01,0.2114435,-0.052049864,-0.58998865,-0.15524796,0,0,0
480,2003-08-01,0.2872493,-0.1433852,-0.30520788,-0.20050374,0,0,0
481,2003-09-01,0.3312397,-0.6068657,-0.11416781,0.029424155,0,0,0
482,2003-10-01,0.4156231,-0.24151328,-0.18071155,-0.3031437,0,0,0
483,2003-11-01,0.47777805,-0.2912091,-0.24952365,-0.042990174,0,0,0
484,2003-12-01,0.3954496,-0.3241558,-0.032603294,-0.03429267,0,0,0
485,2004-01-01,0.49521223,-0.44031295,0.08964158,-0.0844789,0,0,0
486,2004-02-01,0.18834339,-0.4845533,-0.14011261,0.016065855,0,0,0
487,2004-03-01,0.26634887,-0.5080846,-0.4464308,0.073816136,0,0,0
488,2004-04-01,0.071612805,-0.20838366,-0.2635665,0.5988109,0,0,0
489,2004-05-01,0.11982339,-0.51308084,-0.20983817,0.33033395,0,0,0
490,2004-06-01,0.2335708,-0.5973551,-0.01439432,0.604583,0,0,0
491,2004-07-01,0.06042578,-0.45180935,-0.14338475,0.39399716,0,0,0
492,2004-08-01,0.037268836,-0.24594481,-0.03952156,0.38974437,0,0,0
493,2004-09-01,0.07432738,-0.5622596,-0.19378021,0.471881,0,0,0
494,2004-10-01,-0.011493423,-0.43192047,-0.25157163,0.4335952,0,0,0
495,2004-11-01,0.07073207,-0.41359124,-0.26049146,0.33626688,0,0,0
496,2004-12-01,0.26650053,-0.29222608,-0.6587321,-0.0018360505,0,0,0
497,2005-01-01,0.2106694,-0.2591567,-0.43721873,-0.009123931,0,0,0
498,2005-02-01,0.2212762,-0.2573198,-0.18554997,0.14155027,0,0,0
499,2005-03-01,0.18184541,-0.2363672,-0.22576672,0.008994766,0,0,0
500,2005-04-01,0.016645942,-0.5146191,-0.23141904,0.39458606,0,0,0
501,2005-05-01,-0.09805804,-0.25376084,-0.23455231,0.28823268,0,0,0
502,2005-06-01,0.06901949,-0.50102323,-0.24109408,0.07067149,0,0,0
503,2005-07-01,0.4306432,-0.12641186,0.012532656,0.17458935,0,0,0
504,2005-08-01,0.34873956,-0.6426513,0.14965335,0.12288072,0,0,0
505,2005-09-01,0.116465084,-0.43453673,0.14860319,0.23525788,0,0,0
506,2005-10-01,0.03477171,-0.4729467,-0.010865622,0.040980656,0,0,0
507,2005-11-01,0.09186013,-0.26578468,0.040792692,-0.018469326,0,0,0
508,2005-12-01,-0.023448585,-0.38351157,0.121535435,-0.20532952,0,0,0
509,2006-01-01,0.04522394,-0.29483572,0.06101069,0.11505269,0,0,0
510,2006-02-01,0.018502653,-0.2411066,0.17216498,0.20416954,0,0,0
511,2006-03-01,0.12459159,-0.3384999,0.07282467,0.1456727,0,0,0
512,2006-04-01,-0.018396415,-0.274814,0.019493274,0.13408372,0,0,0
513,2006-05-01,-0.055599216,-0.41060174,0.08385881,0.2733434,0,0,0
514,2006-06-01,-0.11053417,-0.18035492,0.17824726,0.48250198,0,0,0
515,2006-07-01,-0.038684122,-0.008829087,0.09593194,0.11392382,0,0,0
516,2006-08-01,-0.031590823,-0.18080235,-0.13663557,0.3738028,0,0,0
517,2006-09-01,0.032882404,-0.016200865,0.046426736,0.5056689,0,0,0
518,2006-10-01,-0.014807978,0.10388261,-0.10987859,0.18438867,0,0,0
519,2006-11-01,0.048339326,0.38692835,-0.15246397,0.36370027,0,0,0
520,2006-12-01,0.1529501,-0.044417534,0.037324455,0.48989582,0,0,0
521,2007-01-01,0.016143184,0.15580514,-0.09689968,0.22063743,0,0,0
522,2007-02-01,0.027103193,0.030980067,-0.060429547,0.15962239,0,0,0
523,2007-03-01,-0.114018776,0.18041264,-0.15061027,0.47528526,0,0,0
524,2007-04-01,0.052799348,0.12647913,-0.2223844,0.1863892,0,0,0
525,2007-05-01,0.052743196,0.29405028,-0.13543187,0.21616858,0,0,0
526,2007-06-01,0.18050805,0.2013228,-0.013830402,0.012244379,0,0,0
527,2007-07-01,-0.015730195,0.46269107,-0.1511583,0.121875875,0,0,0
528,2007-08-01,-0.015141053,0.09799484,-0.60376656,0.26888403,0,0,0
529,2007-09-01,0.16055731,0.09827377,-0.15454882,0.49411026,0,0,0
530,2007-10-01,0.096304,-0.03794377,-0.07010579,0.28616557,1,-2,2
531,2007-11-01,-0.029655358,0.18644233,0.102859184,0.5894255,1,-2,2
532,2007-12-01,-0.09843617,0.17348632,-0.13259803,0.6172755,1,-2,2
533,2008-01-01,-0.11858149,0.011407414,0.17762071,0.51926386,1,-2,2
534,2008-02-01,-0.16895738,0.07969771,0.2560121,0.65482247,1,-2,2
535,2008-03-01,-0.09785816,0.35483313,0.112128235,0.7383925,1,-2,2
536,2008-04-01,0.25484684,0.23254573,0.4895894,0.38970497,1,-2,2
537,2008-05-01,0.24808231,0.24442679,0.46271476,0.17320265,1,-2,2
538,2008-06-01,0.10722891,0.5535307,0.4378141,0.4107651,1,-2,2
539,2008-07-01,0.04130652,0.56291044,0.23208718,0.19283266,1,-2,2
540,2008-08-01,-0.086973295,0.14857669,0.21641847,0.23548187,1,-2,2
541,2008-09-01,0.07093655,0.11660265,0.41979906,0.14033137,1,-2,2
542,2008-10-01,0.06880891,0.091469966,0.64596754,0.74665517,1,-2,2
543,2008-11-01,0.008937805,-0.046963584,0.7322115,0.8435305,1,-2,2
544,2008-12-01,0.11654256,-0.67382586,0.30570304,0.80903363,1,-2,2
545,2009-01-01,-0.2190472,-0.25354552,-0.46874166,0.8490701,1,-2,2
546,2009-02-01,-0.42176208,-0.0429087,0.046589833,0.18196194,1,-2,2
547,2009-03-01,-0.12446805,-0.057676233,0.014458058,0.17880979,1,-2,2
548,2009-04-01,-0.04992754,0.09427985,-0.23055786,-0.011887064,0,0,0
549,2009-05-01,-0.031120386,0.2937804,-0.66103435,-0.04706591,0,0,0
550,2009-06-01,-0.07780781,0.15613915,-0.7084467,-0.013970978,0,0,0
551,2009-07-01,0.07632393,0.048552465,-0.29421246,-0.16287781,0,0,0
552,2009-08-01,0.24639152,0.047768928,-0.4760447,-0.05470819,0,0,0
553,2009-09-01,0.7398169,-0.0027501266,-0.57689273,-0.009789847,0,0,0
554,2009-10-01,0.29233336,-0.09351633,-0.67761016,-0.078572094,0,0,0
555,2009-11-01,0.5825631,-0.048169807,-0.57526,-0.11887138,0,0,0
556,2009-12-01,0.16334239,0.08616009,-0.6503786,-0.08387751,0,0,0
557,2010-01-01,0.46161613,0.011585333,-0.43763983,-0.027940404,0,0,0
558,2010-02-01,0.47227818,-0.14695272,-0.5932102,-0.039879438,0,0,0
559,2010-03-01,0.32883644,-0.21561962,-0.43448403,-0.112533905,0,0,0
560,2010-04-01,0.24377982,-0.39377785,-0.29390812,0.458851,0,0,0
561,2010-05-01,-0.015592679,-0.39466926,-0.31266683,0.11965843,0,0,0
562,2010-06-01,-0.054495696,-0.2827127,-0.05369515,0.33537978,0,0,0
563,2010-07-01,-0.079272486,0.07020469,-0.014941488,0.15086126,0,0,0
564,2010-08-01,0.2422351,-0.299117,-0.057841968,0.39294437,0,0,0
565,2010-09-01,0.45449004,-0.17049155,-0.19482599,0.26954237,0,0,0
566,2010-10-01,0.22410418,-0.24498075,-0.41206557,0.2543449,0,0,0
567,2010-11-01,0.7236889,-0.50009346,-0.42758802,0.31793624,0,0,0
568,2010-12-01,0.21488424,-0.20799285,-0.5341957,0.19210036,0,0,0
569,2011-01-01,0.31134585,-0.54807395,-0.41206184,0.2131923,0,0,0
570,2011-02-01,0.19534214,-0.48903143,-0.14774385,0.6668245,0,0,0
571,2011-03-01,0.22652677,-0.14650923,-0.58492607,0.35987353,0,0,0
572,2011-04-01,0.14424208,-0.33154774,-0.5011325,0.48072797,0,0,0
573,2011-05-01,0.17042886,-0.45699173,-0.6592959,0.21531776,0,0,0
574,2011-06-01,0.029169047,-0.3996032,-0.70225346,0.49922693,0,0,0
575,2011-07-01,-0.03756453,-0.59025526,-0.6993265,0.5480723,0,0,0
576,2011-08-01,-0.03885886,-0.6505608,-0.57417935,0.46166876,0,0,0
577,2011-09-01,-0.12393685,-0.5763878,-0.728483,0.44546628,0,0,0
578,2011-10-01,0.044572532,-0.5739685,-0.18581963,0.50416803,0,0,0
579,2011-11-01,0.43111053,-0.908257,-0.2865402,0.4073868,0,0,0
580,2011-12-01,0.20130198,-0.22603585,-0.3834593,-0.078438714,0,0,0
581,2012-01-01,0.24334967,-0.43526754,-0.3597759,0.07488538,0,0,0
582,2012-02-01,0.23792927,-0.6097707,-0.3874925,0.11564442,0,0,0
583,2012-03-01,0.059191722,-0.2769721,-0.5684868,0.07458866,0,0,0
584,2012-04-01,0.028296271,-0.4857894,-0.5894961,0.20966783,0,0,0
585,2012-05-01,0.004660392,-0.3901057,-0.68976045,0.5443088,0,0,0
586,2012-06-01,-0.02882822,-0.13771349,-0.71662396,0.38555348,0,0,0
587,2012-07-01,0.1009936,-0.3734429,-0.6579484,0.3405247,0,0,0
588,2012-08-01,0.15722282,-0.31679708,-0.70464563,0.2637574,0,0,0
589,2012-09-01,0.12997968,0.04725462,-0.52235186,0.3823357,0,0,0
590,2012-10-01,0.14641315,0.087015375,-0.62140673,0.36240336,0,0,0
591,2012-11-01,0.084344395,0.065209165,-0.8446746,0.24940634,0,0,0
592,2012-12-01,0.085804164,0.009411832,-0.5801343,0.1880016,0,0,0
593,2013-01-01,0.083038464,0.19608268,-0.4505116,0.293612,0,0,0
594,2013-02-01,0.12729096,0.25454852,-0.8071607,0.05142906,0,0,0
595,2013-03-01,0.061292943,0.44600847,-0.5957834,0.49204654,0,0,0
596,2013-04-01,-0.013792122,0.18110734,-0.7947057,0.45325133,0,0,0
597,2013-05-01,-0.011834084,0.050537195,-0.5881063,0.44540375,0,0,0
598,2013-06-01,0.044846978,-0.03317963,-0.8354781,0.23022214,0,0,0
599,2013-07-01,-0.04203995,0.10384506,-0.8070569,0.12553822,0,0,0
600,2013-08-01,-0.077824295,0.3964521,-0.6845665,0.22277923,0,0,0
601,2013-09-01,-0.029121418,0.21507624,-0.4880392,0.6672066,0,0,0
602,2013-10-01,0.039288633,-0.022762954,-0.85685897,0.38743657,0,0,0
603,2013-11-01,0.062558435,-0.023538534,-0.80574757,0.21073817,0,0,0
604,2013-12-01,0.08635834,-0.06285815,-0.3499753,0.4907178,0,0,0
605,2014-01-01,0.028004913,0.20173715,-0.74857575,0.4120935,0,0,0
606,2014-02-01,0.10699604,-0.077854574,-0.539395,0.5914139,0,0,0
607,2014-03-01,0.08556595,-0.050603934,-0.89188635,0.5368019,,,
608,2014-04-01,0.023975043,-0.21722369,-0.77546424,0.6012033,,,
609,2014-05-01,0.048599076,-0.114749864,-0.63835096,0.5356434,,,
